x,y,z,x_L,y_L,z_L,theta,x_dot,y_dot,z_dot,x_Ldot,y_Ldot,z_Ldot,theta_dot,Cable_Length,u1,u2
0.0,0.0,5.0,0.0,0.0,5.099999904632568,0.0,0.0,0.0,0.0,0.0,0.0,0.0,0.0,0.09999990463256836,0.0,0.0
0.0,-2.5894824062788757e-09,5.000185012817383,0.0,0.0,5.0980377197265625,7.236057626869297e-06,0.0,-5.178965238883393e-07,0.01851492002606392,0.0,0.0,-0.19620001316070557,0.0007236057426780462,0.09785269945859909,14.497328758239746,14.489188194274902
0.0,-4.243646145596358e-08,5.000746726989746,0.0,0.0,5.092151641845703,3.1509400287177414e-05,0.0,-4.3380059651099145e-06,0.03766351938247681,0.0,0.0,-0.39240002632141113,0.0017037286888808012,0.09140491485595703,14.541544914245605,14.530518531799316
0.0,-2.1904025970798102e-07,5.001696586608887,0.0,0.0,5.08234167098999,5.809954018332064e-05,0.0,-1.4279022252594586e-05,0.05732914060354233,0.0,0.0,-0.5886000394821167,0.0009552850387990475,0.08064508438110352,14.566720008850098,14.575139999389648
0.0,-6.442822950702976e-07,5.003045558929443,0.0,0.0,5.068607807159424,7.758925494272262e-05,0.0,-2.8948179533472285e-05,0.07755094766616821,0.0,0.0,-0.7848000526428223,0.0009936863789334893,0.06556224822998047,14.608689308166504,14.608257293701172
0.0,-1.407749550708104e-06,5.00480318069458,0.0,0.0,5.050949573516846,0.00010269843915011734,0.0,-4.8306006647180766e-05,0.0981936901807785,0.0,0.0,-0.9810000658035278,0.00151723250746727,0.046146392822265625,14.639830589294434,14.633940696716309
0.0,-2.6213399451080477e-06,5.006977558135986,0.0,0.0,5.029367446899414,0.00013962725643068552,0.0,-7.439014734700322e-05,0.11924298107624054,0.0,0.0,-1.1772000789642334,0.0021756491623818874,0.022389888763427734,14.668030738830566,14.660623550415039
0.0,-4.4511161831906065e-06,5.009576320648193,0.0,0.0,5.003861427307129,0.00020131090423092246,0.0,-0.00011082447599619627,0.14063847064971924,0.0,0.0,-1.373400092124939,0.003992716781795025,0.005714894738048315,14.697917938232422,14.677475929260254
0.0,-7.168968295445666e-06,5.012603759765625,0.0,0.0,4.97443151473999,0.00029548644670285285,0.0,-0.00016437745944131166,0.16212306916713715,0.0,0.0,-1.5696001052856445,0.005424838978797197,0.038172245025634766,14.701767921447754,14.685656547546387
0.0,-1.1182624803041108e-05,5.016063690185547,0.0,0.0,4.941077709197998,0.00041300879092887044,0.0,-0.00024125709023792297,0.1838708221912384,0.0,0.0,-1.76580011844635,0.006327396258711815,0.07498598098754883,14.716552734375,14.706398963928223
0.0,-1.699780477792956e-05,5.01995849609375,0.0,0.0,4.903799533843994,0.0005337897455319762,0.0,-0.00034464849159121513,0.20563040673732758,0.0,0.0,-1.9620001316070557,0.00575069896876812,0.11615896224975586,14.709031105041504,14.715518951416016
0.0,-2.5134504539892077e-05,5.024288654327393,0.0,0.0,4.862597465515137,0.0006398290279321373,0.0,-0.00047287362394854426,0.2273871749639511,0.0,0.0,-2.158200263977051,0.004853227641433477,0.16169118881225586,14.707036972045898,14.717133522033691
0.0,-3.605426536523737e-05,5.029055118560791,0.0,0.0,4.817471504211426,0.0007273110677488148,0.0,-0.0006222817464731634,0.24924801290035248,0.0,0.0,-2.354400157928467,0.0038949756417423487,0.21158361434936523,14.713720321655273,14.72450065612793
0.0,-5.014041380491108e-05,5.0342607498168945,0.0,0.0,4.768421649932861,0.0007947438862174749,0.0,-0.0007887862157076597,0.2713366150856018,0.0,0.0,-2.550600051879883,0.0028483073692768812,0.2658390998840332,14.728597640991211,14.740372657775879
0.0,-6.769466563127935e-05,5.039910316467285,0.0,0.0,4.715447425842285,0.0008536411332897842,0.0,-0.0009687835699878633,0.2936142086982727,0.0,0.0,-2.746799945831299,0.0030414159409701824,0.324462890625,14.748331069946289,14.746158599853516
0.0,-8.898635132936761e-05,5.046011447906494,0.0,0.0,4.6585493087768555,0.0009182264911942184,0.0,-0.0011627428466454148,0.3165009617805481,0.0,0.0,-2.942999839782715,0.0034171212464571,0.38746216893196106,14.790475845336914,14.786249160766602
0.0,-0.00011430991435190663,5.052577972412109,0.0,0.0,4.597727298736572,0.0009861061116680503,0.0,-0.0013721007853746414,0.34015846252441406,0.0,0.0,-3.139199733734131,0.003370836144313216,0.4548507034778595,14.840127944946289,14.840648651123047
0.0,-0.00014397608174476773,5.059628009796143,0.0,0.0,4.5329813957214355,0.0010441293707117438,0.0,-0.0015957981813699007,0.3617044687271118,0.0,-9.212445547746029e-06,-3.301708459854126,0.0024314881302416325,0.526646614074707,14.903149604797363,14.913717269897461
0.0,-0.0001682212605373934,5.033074855804443,0.0,-1.9088207409367897e-05,4.534074783325195,0.0010656239464879036,0.0,-0.00174055271781981,0.0580684095621109,0.0,-0.0009838321711868048,0.05806891620159149,-0.00028203334659338,0.49900007247924805,14.957669258117676,14.98819637298584
0.0,-0.0002053356438409537,5.034307956695557,0.0,-3.939433736377396e-05,4.535307884216309,0.0010548860300332308,0.0,-0.0019703847356140614,0.065228171646595,0.0,-0.001047921716235578,0.06522870063781738,-0.0007917616749182343,0.49900010228157043,14.994924545288086,15.000658988952637
0.0,-0.0002470131148584187,5.0356855392456055,0.0,-6.105565989855677e-05,4.536685466766357,0.001042428077198565,0.0,-0.002196779940277338,0.07252231240272522,0.0,-0.0011195694096386433,0.07252286374568939,-0.00045403375406749547,0.49900010228157043,15.009600639343262,15.0058012008667
0.0,-0.00029319184250198305,5.037208557128906,0.0,-8.423557301284745e-05,4.538208484649658,0.0010482687503099442,0.0,-0.002421166282147169,0.07978662103414536,0.0,-0.0011999831767752767,0.07978719472885132,0.0010381063912063837,0.49900010228157043,15.013895034790039,14.997108459472656
0.0,-0.00034389307256788015,5.038876056671143,0.0,-0.00010912107245530933,4.5398759841918945,0.0011098982067778707,0.0,-0.0026510863099247217,0.08697787672281265,0.0,-0.001290318788960576,0.08697846531867981,0.00512483436614275,0.4990001320838928,15.023101806640625,14.977126121520996
0.0,-0.0003993818536400795,5.040684700012207,0.0,-0.0001359208399662748,4.541684627532959,0.0012677495833486319,0.0,-0.002903454005718231,0.09386732429265976,0.0,-0.0013916036114096642,0.09386788308620453,0.01066030003130436,0.4990001320838928,15.008994102478027,14.946720123291016
0.0,-0.00046033484977670014,5.042630195617676,0.0,-0.00016486691311001778,4.543630123138428,0.0015281840460374951,0.0,-0.0032012818846851587,0.1006842628121376,0.0,-0.0015051770024001598,0.10068482160568237,0.015383150428533554,0.4990001618862152,14.999080657958984,14.945948600769043
0.0,-0.0005278770113363862,5.044710636138916,0.0,-0.0001962191890925169,4.545710563659668,0.0018827593885362148,0.0,-0.0035658208653330803,0.10737399011850357,0.0,-0.0016325075412169099,0.10737457126379013,0.020074380561709404,0.4990001618862152,14.989527702331543,14.936751365661621
0.0,-0.0006035359110683203,5.046921253204346,0.0,-0.0002302693173987791,4.547921180725098,0.0023133454378694296,0.0,-0.004015699960291386,0.11366592347621918,0.0,-0.00177532690577209,0.11366653442382812,0.022984232753515244,0.4990001916885376,14.95018196105957,14.91744613647461
0.0,-0.0006885873153805733,5.048581123352051,0.0,-0.0002668153611011803,4.549581527709961,0.002781286835670471,0.0,-0.0045687127858400345,0.12608696520328522,0.0,-0.0018825674196705222,0.0523831807076931,0.023809902369976044,0.49899977445602417,14.929842948913574,14.920554161071777
0.0,-0.000784885254688561,5.0496907234191895,0.0,-0.00030621571931988,4.5506911277771,0.0032500801607966423,0.0,-0.0052220579236745834,0.13544026017189026,0.0,-0.0020328215323388577,0.02485688030719757,0.02306942641735077,0.49899980425834656,14.92496109008789,14.9332914352417
0.0,-0.0008949964540079236,5.050924777984619,0.0,-0.0003495060373097658,4.551925182342529,0.003708811942487955,0.0,-0.005972647108137608,0.14159859716892242,0.0,-0.0022359956055879593,0.03105226159095764,0.02280375361442566,0.4989998936653137,14.922754287719727,14.925743103027344
0.0,-0.0010208574822172523,5.052281856536865,0.0,-0.000397227966459468,4.553282260894775,0.00414643669500947,0.0,-0.006820047739893198,0.14770671725273132,0.0,-0.0024677373003214598,0.037189170718193054,0.020958712324500084,0.4989999830722809,14.910140991210938,14.93089771270752
0.0,-0.0011652631219476461,5.0544352531433105,0.0,-0.0004509145801421255,4.555435657501221,0.00453172717243433,0.0,-0.0077474238350987434,0.1475456804037094,0.0,-0.002822783775627613,0.11071537435054779,0.01757032796740532,0.49900010228157043,14.899499893188477,14.93761920928955
0.0,-0.0013289796188473701,5.0567097663879395,0.0,-0.0005103317671455443,4.557710647583008,0.004821884911507368,0.0,-0.0087596345692873,0.15673384070396423,0.0,-0.0030777279753237963,0.083075612783432,0.01144544966518879,0.49899977445602417,14.882913589477539,14.951818466186523
0.0,-0.0015118868323042989,5.058432102203369,0.0,-0.0005752846482209861,4.5594329833984375,0.0049634515307843685,0.0,-0.009817225858569145,0.16595956683158875,0.0,-0.0033702345099300146,0.05545126646757126,0.0027112336829304695,0.4989999830722809,14.87088394165039,14.969143867492676
0.0,-0.001717038918286562,5.060950756072998,0.0,-0.0006491919048130512,4.561952114105225,0.004942284431308508,0.0,-0.010872487910091877,0.16900667548179626,0.0,-0.003830630797892809,0.09531645476818085,-0.004827965050935745,0.49899977445602417,14.882364273071289,14.967180252075195
0.0,-0.0019413357367739081,5.062918663024902,0.0,-0.0007302322192117572,4.563920021057129,0.0047870599664747715,0.0,-0.01191500574350357,0.17828747630119324,0.0,-0.004210889805108309,0.0677540972828865,-0.010694460943341255,0.49900010228157043,14.891118049621582,14.95711612701416
0.0,-0.0021872753277420998,5.065685749053955,0.0,-0.0008227442158386111,4.56668758392334,0.004535239189863205,0.0,-0.012893280945718288,0.1815917193889618,0.0,-0.004805086180567741,0.10781560838222504,-0.01448762696236372,0.49900001287460327,14.921998023986816,14.96467113494873
0.0,-0.0024499204009771347,5.067906379699707,0.0,-0.0009244972607120872,4.56890869140625,0.004203977528959513,0.0,-0.01381798554211855,0.19127091765403748,0.0,-0.005288802552968264,0.08053185045719147,-0.018638525158166885,0.49900001287460327,14.929368019104004,14.976065635681152
0.0,-0.0027295220643281937,5.070257663726807,0.0,-0.0010386498179286718,4.571260452270508,0.0037901056930422783,0.0,-0.014645450748503208,0.1978140026330948,0.0,-0.005931025370955467,0.08707990497350693,-0.02274864912033081,0.49900007247924805,14.929332733154297,14.975571632385254
0.0,-0.0030291853472590446,5.074091911315918,0.0,-0.0011712387204170227,4.5750956535339355,0.003297179937362671,0.0,-0.015345090068876743,0.19814865291118622,0.0,-0.006869827397167683,0.16124650835990906,-0.026543933898210526,0.4989997148513794,14.934626579284668,14.977323532104492
0.0,-0.003342497395351529,5.078183650970459,0.0,-0.0013138941721990705,4.5777106285095215,0.0027212530840188265,0.0,-0.01595216989517212,0.20788374543190002,0.0,-0.00753271859139204,0.13404810428619385,-0.03104875236749649,0.500477135181427,14.931608200073242,14.982287406921387
0.0,-0.003659357549622655,5.080805778503418,0.0,-0.0014784701634198427,4.581810474395752,0.0020711668767035007,0.0,-0.016379883512854576,0.20830464363098145,0.0,-0.008661543019115925,0.208333358168602,-0.033959876745939255,0.49900007247924805,14.946112632751465,14.978862762451172
0.0,-0.003983872011303902,5.083684921264648,0.0,-0.0016546532278880477,4.584690570831299,0.0013794393744319677,0.0,-0.016734085977077484,0.2272612750530243,0.0,-0.008966771885752678,0.07968094944953918,-0.03521287813782692,0.49899977445602417,14.938220977783203,14.952317237854004
0.0,-0.00431567570194602,5.087369918823242,0.0,-0.0018530968809500337,4.588376045227051,0.0006701964302919805,0.0,-0.016842743381857872,0.22754910588264465,0.0,-0.010246957652270794,0.15374091267585754,-0.035711415112018585,0.4989999532699585,14.949260711669922,14.954869270324707
0.0,-0.00464843213558197,5.091185569763184,0.0,-0.0020715391729027033,4.59219217300415,-2.4928769562393427e-05,0.0,-0.016803206875920296,0.23097224533557892,0.0,-0.01143823191523552,0.19407662749290466,-0.03380110114812851,0.49900004267692566,14.96365737915039,14.942166328430176
0.0,-0.004975410178303719,5.094456195831299,0.0,-0.00230728299356997,4.595463275909424,-0.0006792834028601646,0.0,-0.016675401479005814,0.24683769047260284,0.0,-0.01196778193116188,0.09922868013381958,-0.03163435310125351,0.49900004267692566,14.960057258605957,14.935681343078613
0.0,-0.0052971974946558475,5.097856521606445,0.0,-0.0025647012516856194,4.5988640785217285,-0.0012930843513458967,0.0,-0.01635552942752838,0.253353089094162,0.0,-0.013055892661213875,0.10571615397930145,-0.029745738953351974,0.4989999234676361,14.960718154907227,14.939471244812012
0.0,-0.00561485392972827,5.102062702178955,0.0,-0.002848076168447733,4.603070259094238,-0.0018796983640640974,0.0,-0.015848983079195023,0.2504671812057495,0.0,-0.014728888869285583,0.21356230974197388,-0.028915660455822945,0.49900010228157043,14.953678131103516,14.944339752197266
0.0,-0.005925862584263086,5.107073783874512,0.0,-0.0031576487235724926,4.608081340789795,-0.002442140830680728,0.0,-0.015248485840857029,0.25376924872398376,0.0,-0.016041124239563942,0.2537648677825928,-0.027328576892614365,0.49900010228157043,14.952868461608887,14.935013771057129
0.0,-0.006220302544534206,5.111536502838135,0.0,-0.003485947148874402,4.612544059753418,-0.0029650917276740074,0.0,-0.014580617658793926,0.2662545442581177,0.0,-0.016786405816674232,0.19251643121242523,-0.024966515600681305,0.4989999234676361,14.943047523498535,14.916474342346191
0.0,-0.006499703042209148,5.116124629974365,0.0,-0.003836382646113634,4.61713171005249,-0.003434224985539913,0.0,-0.013769821263849735,0.2725025415420532,0.0,-0.017887381836771965,0.19875039160251617,-0.021946800872683525,0.49900001287460327,14.947515487670898,14.913543701171875
0.0,-0.006762092001736164,5.120837688446045,0.0,-0.004208402708172798,4.621844291687012,-0.003852122463285923,0.0,-0.012864280492067337,0.2787801921367645,0.0,-0.018954474478960037,0.20500719547271729,-0.019842952489852905,0.4989999234676361,14.94452953338623,14.92086124420166
0.0,-0.007002525497227907,5.125000953674316,0.0,-0.004597751889377832,4.626006603240967,-0.004209793638437986,0.0,-0.011893420480191708,0.2880869209766388,0.0,-0.019797582179307938,0.1774851381778717,-0.015924155712127686,0.4990001320838928,14.94810676574707,14.904020309448242
0.0,-0.007229084614664316,5.1306352615356445,0.0,-0.005012962035834789,4.631640434265137,-0.004494527820497751,0.0,-0.010798431932926178,0.28477421402931213,0.0,-0.021223021671175957,0.28472068905830383,-0.01254925038665533,0.4989997446537018,14.935490608215332,14.897522926330566
0.0,-0.0074288141913712025,5.135043621063232,0.0,-0.005440263077616692,4.63604736328125,-0.004708064254373312,0.0,-0.00974128395318985,0.3002376854419708,0.0,-0.021641453728079796,0.1896631121635437,-0.00880440417677164,0.49900022149086,14.940649032592773,14.898519515991211
0.0,-0.007611652370542288,5.140923023223877,0.0,-0.005888873245567083,4.641925811767578,-0.004842089954763651,0.0,-0.008576641790568829,0.2970699965953827,0.0,-0.022798476740717888,0.297006756067276,-0.004598149098455906,0.4990001618862152,14.950660705566406,14.903340339660645
0.0,-0.007771801203489304,5.1469268798828125,0.0,-0.006351436488330364,4.647928714752197,-0.004910004325211048,0.0,-0.0074377949349582195,0.3033652901649475,0.0,-0.02343738079071045,0.3032872974872589,-0.0021932790987193584,0.4990001618862152,14.947641372680664,14.920586585998535
0.0,-0.007909178733825684,5.153055667877197,0.0,-0.0068255020305514336,4.654057025909424,-0.004929839167743921,0.0,-0.006301511079072952,0.30961525440216064,0.0,-0.02394641377031803,0.3095218241214752,0.00020981067791581154,0.49899980425834656,14.94428825378418,14.917253494262695
0.0,-0.008023037575185299,5.158634185791016,0.0,-0.007306872867047787,4.659634590148926,-0.004891935270279646,0.0,-0.005187316797673702,0.3189113438129425,0.0,-0.024239059537649155,0.2819526791572571,0.0035805623047053814,0.49900010228157043,14.944069862365723,14.906148910522461
0.0,-0.008115310221910477,5.164336681365967,0.0,-0.007794292643666267,4.665336608886719,-0.004798050504177809,0.0,-0.00409778393805027,0.3281916081905365,0.0,-0.024427764117717743,0.2544526755809784,0.005807921290397644,0.4990001618862152,14.937000274658203,14.911942481994629
0.0,-0.008186609484255314,5.170836448669434,0.0,-0.008284458890557289,4.6718363761901855,-0.004640689119696617,0.0,-0.0030446029268205166,0.3280933201313019,0.0,-0.024517158046364784,0.32806241512298584,0.009928219020366669,0.49900007247924805,14.94651985168457,14.900166511535645
0.0,-0.008237502537667751,5.177455902099609,0.0,-0.008773819543421268,4.6784563064575195,-0.004414448514580727,0.0,-0.0020556498784571886,0.33399856090545654,0.0,-0.024389324709773064,0.3339489698410034,0.012695824727416039,0.49899986386299133,14.920866012573242,14.889730453491211
0.0,-0.008270719088613987,5.183518886566162,0.0,-0.009259551763534546,4.6845197677612305,-0.004140887875109911,0.0,-0.0011360873468220234,0.34290289878845215,0.0,-0.02411719597876072,0.3060555160045624,0.014660224318504333,0.49900010228157043,14.907644271850586,14.885544776916504
0.0,-0.008285080082714558,5.190371036529541,0.0,-0.009735934436321259,4.691373348236084,-0.0038284386973828077,0.0,-0.00030804541893303394,0.34552785754203796,0.0,-0.023556875064969063,0.3455526828765869,0.016584696248173714,0.49899977445602417,14.904735565185547,14.883085250854492
0.0,-0.008286293596029282,5.196663856506348,0.0,-0.010202532634139061,4.697667598724365,-0.003486011875793338,0.0,0.0004447835963219404,0.3542574346065521,0.0,-0.022973809391260147,0.3175142705440521,0.01765798218548298,0.4989999234676361,14.889892578125,14.87781810760498
0.0,-0.008277490735054016,5.202397346496582,0.0,-0.010656523518264294,4.703402996063232,-0.003124754875898361,0.0,0.0011203077156096697,0.3661026656627655,0.0,-0.0223944541066885,0.25592610239982605,0.01846771501004696,0.49900001287460327,14.88901424407959,14.879904747009277
0.0,-0.008254187181591988,5.208914756774902,0.0,-0.01108776219189167,4.709922790527344,-0.002750313375145197,0.0,0.0016581777017563581,0.36846157908439636,0.0,-0.021210625767707825,0.2951045632362366,0.018976425752043724,0.49900001287460327,14.8767671585083,14.871044158935547
0.0,-0.008221534080803394,5.215540885925293,0.0,-0.011496106162667274,4.716551780700684,-0.002365172142162919,0.0,0.0020897306967526674,0.37072524428367615,0.0,-0.019785240292549133,0.33412519097328186,0.01953769475221634,0.49899986386299133,14.869635581970215,14.863321304321289
0.0,-0.008186537772417068,5.221602916717529,0.0,-0.011882703751325607,4.722616672515869,-0.001965633360669017,0.0,0.0024800258688628674,0.38231587409973145,0.0,-0.01884644106030464,0.2723274528980255,0.020416177809238434,0.4989999234676361,14.870853424072266,14.860970497131348
0.0,-0.008141287602484226,5.228444576263428,0.0,-0.012234201654791832,4.729461193084717,-0.001546850660815835,0.0,0.0026753616984933615,0.3814721703529358,0.0,-0.01677449606359005,0.3448951840400696,0.021462082862854004,0.4990001618862152,14.872252464294434,14.860486030578613
0.0,-0.008086779154837132,5.236065864562988,0.0,-0.012547130696475506,4.737085819244385,-0.0011200995650142431,0.0,0.0027834284119307995,0.38382038474082947,0.0,-0.014769496396183968,0.38395023345947266,0.021213024854660034,0.4989999830722809,14.870962142944336,14.873764038085938
0.0,-0.00803716666996479,5.243124485015869,0.0,-0.012830042280256748,4.744147300720215,-0.000703715137206018,0.0,0.0028386556077748537,0.39242494106292725,0.0,-0.013198785483837128,0.3558036983013153,0.02042541652917862,0.4990001916885376,14.870221138000488,14.879081726074219
0.0,-0.007988443598151207,5.250293254852295,0.0,-0.013074440881609917,4.75131893157959,-0.00030772408354096115,0.0,0.002796476474031806,0.4010293483734131,0.0,-0.011544610373675823,0.32770416140556335,0.01917368732392788,0.4990002512931824,14.867881774902344,14.881963729858398
0.0,-0.007935321889817715,5.258243083953857,0.0,-0.01327072735875845,4.759271621704102,6.351553020067513e-05,0.0,0.0025644097477197647,0.4002138674259186,0.0,-0.008752656169235706,0.4003223180770874,0.0179502721875906,0.4989999830722809,14.861684799194336,14.875448226928711
0.0,-0.0078939413651824,5.265629291534424,0.0,-0.013431120663881302,4.766660213470459,0.000409205153118819,0.0,0.002341587096452713,0.40875715017318726,0.0,-0.006913806311786175,0.3721233308315277,0.01661868765950203,0.49899980425834656,14.862689971923828,14.877670288085938
0.0,-0.00786637794226408,5.272452354431152,0.0,-0.013554377481341362,4.773484706878662,0.0007285707397386432,0.0,0.0020758311729878187,0.4203658699989319,0.0,-0.005402029491961002,0.3103216886520386,0.015317875891923904,0.49900007247924805,14.859766006469727,14.87440013885498
0.0,-0.007838745601475239,5.280054569244385,0.0,-0.013624046929180622,4.781087875366211,0.0010257959365844727,0.0,0.0016328813508152962,0.4225355088710785,0.0,-0.0027072648517787457,0.34920600056648254,0.01440463773906231,0.49900022149086,14.854100227355957,14.864374160766602
0.0,-0.007820012047886848,5.28776216506958,0.0,-0.013647003099322319,4.7887959480285645,0.0013133648317307234,0.0,0.0011584602762013674,0.4278022348880768,0.0,-0.0003641442162916064,0.35444769263267517,0.01435224898159504,0.4990002512931824,14.857726097106934,14.858315467834473
0.0,-0.0078035867772996426,5.296247482299805,0.0,-0.013615066185593605,4.797281265258789,0.0016085334355011582,0.0,0.0005465353024192154,0.4269774258136749,0.0,0.0027726253028959036,0.4269513785839081,0.015164609998464584,0.49900004267692566,14.871810913085938,14.862671852111816
0.0,-0.007806279696524143,5.304166316986084,0.0,-0.013544046320021152,4.805199146270752,0.001913110725581646,0.0,1.5909317880868912e-05,0.43814146518707275,0.0,0.004324379377067089,0.3648327887058258,0.015293123200535774,0.4990001618862152,14.83582878112793,14.834383010864258
0.0,-0.007813947275280952,5.312854766845703,0.0,-0.013419165275990963,4.8138861656188965,0.002203304087743163,0.0,-0.0007204197463579476,0.4369412958621979,0.0,0.007383907213807106,0.43684664368629456,0.01372621487826109,0.49900007247924805,14.830039978027344,14.847667694091797
0.0,-0.007842689752578735,5.320969104766846,0.0,-0.01325657032430172,4.821998596191406,0.0024537246208637953,0.0,-0.0013351439265534282,0.4506942331790924,0.0,0.008499935269355774,0.34096091985702515,0.01131583470851183,0.49899986386299133,14.785270690917969,14.812387466430664
0.0,-0.007885823026299477,5.329172611236572,0.0,-0.013050609268248081,4.830199241638184,0.0026676240377128124,0.0,-0.002160997362807393,0.4488813579082489,0.0,0.011353571899235249,0.41220584511756897,0.01007410790771246,0.49900010228157043,14.785727500915527,14.799696922302246
0.0,-0.007944043725728989,5.337462902069092,0.0,-0.012802967801690102,4.838486671447754,0.002850170014426112,0.0,-0.0029226255137473345,0.4562893509864807,0.0,0.013043973594903946,0.3830941319465637,0.008180491626262665,0.49899986386299133,14.777247428894043,14.798550605773926
0.0,-0.008023804053664207,5.345170974731445,0.0,-0.012522805482149124,4.84619140625,0.002994571579620242,0.0,-0.003709610551595688,0.4636596739292145,0.0,0.014622598886489868,0.35395845770835876,0.006259664427489042,0.49899983406066895,14.774404525756836,14.796013832092285
0.0,-0.00811336562037468,5.353633403778076,0.0,-0.012200758792459965,4.854650020599365,0.0030955933034420013,0.0,-0.004593408200889826,0.46182337403297424,0.0,0.016951974481344223,0.4250970780849457,0.003842502599582076,0.49900010228157043,14.776885986328125,14.804079055786133
0.0,-0.00821403507143259,5.362852096557617,0.0,-0.011840405873954296,4.863865375518799,0.003122111316770315,0.0,-0.005445991177111864,0.46320292353630066,0.0,0.01877838745713234,0.4629843831062317,-0.0011906942818313837,0.4989998936653137,14.7714262008667,14.828049659729004
0.0,-0.00833518709987402,5.371491432189941,0.0,-0.01145577896386385,4.872500896453857,0.0030552558600902557,0.0,-0.006228187121450901,0.47082623839378357,0.0,0.019893446937203407,0.4340226948261261,-0.005494860000908375,0.49900028109550476,14.779173851013184,14.827595710754395
0.0,-0.008467841893434525,5.380890369415283,0.0,-0.011041884310543537,4.88189697265625,0.002895516576245427,0.0,-0.007008155807852745,0.47226089239120483,0.0,0.02124965190887451,0.4720552861690521,-0.01047905907034874,0.49900004267692566,14.776321411132812,14.832393646240234
0.0,-0.008615079335868359,5.390378952026367,0.0,-0.010607309639453888,4.891382694244385,0.0026438389904797077,0.0,-0.00770213920623064,0.4767608642578125,0.0,0.02216883935034275,0.47651395201683044,-0.014688704162836075,0.49900022149086,14.777742385864258,14.825100898742676
0.0,-0.008775372989475727,5.399956703186035,0.0,-0.010156729258596897,4.90095853805542,0.002321868436411023,0.0,-0.00831073522567749,0.48134028911590576,0.0,0.02284826897084713,0.4810516834259033,-0.017508359625935555,0.49900007247924805,14.79140853881836,14.823129653930664
0.0,-0.008946861140429974,5.409622669219971,0.0,-0.009695054031908512,4.910623073577881,0.001961830537766218,0.0,-0.008820231072604656,0.485748827457428,0.0,0.02327686920762062,0.48541808128356934,-0.018495433032512665,0.4990001618862152,14.78909969329834,14.800204277038574
0.0,-0.009127488359808922,5.419375419616699,0.0,-0.009227374568581581,4.920375347137451,0.001572158420458436,0.0,-0.009224103763699532,0.49017974734306335,0.0,0.023447709158062935,0.4898064434528351,-0.020471785217523575,0.49900007247924805,14.785170555114746,14.807404518127441
0.0,-0.00931505486369133,5.4292144775390625,0.0,-0.008758896961808205,4.930214881896973,0.0011400175280869007,0.0,-0.009513654746115208,0.494569331407547,0.0,0.023356152698397636,0.4941530227661133,-0.022742293775081635,0.4989998936653137,14.780455589294434,14.805998802185059
0.0,-0.00950547307729721,5.43847131729126,0.0,-0.008294143714010715,4.939472675323486,0.0006724305567331612,0.0,-0.009683237411081791,0.5020159482955933,0.0,0.023038066923618317,0.4650438129901886,-0.024016402661800385,0.49900010228157043,14.783305168151855,14.797638893127441
0.0,-0.00969957560300827,5.448491096496582,0.0,-0.00784076564013958,4.949494361877441,0.00019855445134453475,0.0,-0.009713641367852688,0.50315922498703,0.0,0.02233874425292015,0.5031946897506714,-0.02337121032178402,0.4990001916885376,14.788995742797852,14.781737327575684
0.0,-0.009893164038658142,5.458593368530273,0.0,-0.007402305956929922,4.959599494934082,-0.00025134842144325376,0.0,-0.009626317769289017,0.5073350667953491,0.0,0.021464969962835312,0.5073263645172119,-0.021619077771902084,0.49900007247924805,14.787301063537598,14.767589569091797
0.0,-0.010083802044391632,5.468778610229492,0.0,-0.006983834318816662,4.969788074493408,-0.0006697453209199011,0.0,-0.009420922957360744,0.5115712285041809,0.0,0.02034146338701248,0.5115179419517517,-0.02022060938179493,0.4990001618862152,14.78975772857666,14.774024963378906
0.0,-0.010269200429320335,5.4790449142456055,0.0,-0.006590230856090784,4.980058670043945,-0.0010579332010820508,0.0,-0.009105261415243149,0.5156527161598206,0.0,0.018980199471116066,0.5155544281005859,-0.018598176538944244,0.49899980425834656,14.779610633850098,14.761358261108398
0.0,-0.010441528633236885,5.4887237548828125,0.0,-0.006221199408173561,4.989741802215576,-0.0014215365517884493,0.0,-0.008709868416190147,0.5226722359657288,0.0,0.017640890553593636,0.486093133687973,-0.017762163653969765,0.49899980425834656,14.764148712158203,14.754743576049805
0.0,-0.010603835806250572,5.498486518859863,0.0,-0.005886038765311241,4.999508857727051,-0.0017654069233685732,0.0,-0.008194808848202229,0.5265223979949951,0.0,0.015844786539673805,0.490270733833313,-0.016624875366687775,0.4989999532699585,14.76215934753418,14.749364852905273
0.0,-0.010747356340289116,5.507659912109375,0.0,-0.005582056939601898,5.008686542510986,-0.0020948247984051704,0.0,-0.0076506612822413445,0.5364829301834106,0.0,0.014524076133966446,0.42742979526519775,-0.01631690189242363,0.49900010228157043,14.751091003417969,14.747626304626465
0.0,-0.010891670361161232,5.518239974975586,0.0,-0.005333504639565945,5.019270896911621,-0.002420326927676797,0.0,-0.006862970534712076,0.5308390259742737,0.0,0.011340240016579628,0.5310108065605164,-0.01623331755399704,0.49900001287460327,14.736672401428223,14.735732078552246
0.0,-0.011013394221663475,5.528225898742676,0.0,-0.005121998954564333,5.029260635375977,-0.0027372613549232483,0.0,-0.006121716927736998,0.537513256072998,0.0,0.00941725168377161,0.5012651681900024,-0.015460120514035225,0.49900004267692566,14.738749504089355,14.730051040649414
0.0,-0.011126680299639702,5.538949489593506,0.0,-0.004965487401932478,5.039987564086914,-0.003037623129785061,0.0,-0.005231290590018034,0.5379683971405029,0.0,0.006609583273530006,0.5380998849868774,-0.014576043002307415,0.4989999532699585,14.735718727111816,14.725772857666016
0.0,-0.011205149814486504,5.548412322998047,0.0,-0.0048416475765407085,5.049452781677246,-0.0033129628282040358,0.0,-0.004421377554535866,0.550680935382843,0.0,0.005350105464458466,0.4417116045951843,-0.012957933358848095,0.4990001320838928,14.734597206115723,14.71639347076416
0.0,-0.011272763833403587,5.558609485626221,0.0,-0.004777187015861273,5.059651851654053,-0.003560161916539073,0.0,-0.003394732251763344,0.5509812831878662,0.0,0.0023603783920407295,0.47836917638778687,-0.011761982925236225,0.4989998936653137,14.725947380065918,14.712492942810059
0.0,-0.011319972574710846,5.568874835968018,0.0,-0.00476471520960331,5.069917678833008,-0.003775504883378744,0.0,-0.0023529487662017345,0.5543142557144165,0.0,-0.0002472654450684786,0.4816761016845703,-0.009772321209311485,0.49900022149086,14.726692199707031,14.70430850982666
0.0,-0.011354622431099415,5.579871654510498,0.0,-0.004813352134078741,5.080914497375488,-0.003941851202398539,0.0,-0.001227312721312046,0.5546072125434875,0.0,-0.0033059220295399427,0.5182409286499023,-0.00686230044811964,0.49900001287460327,14.73453426361084,14.701796531677246
0.0,-0.011368882842361927,5.591057300567627,0.0,-0.004896802827715874,5.090646266937256,-0.004059536382555962,0.0,-0.0001546564744785428,0.5609027743339539,0.0,-0.005468882620334625,0.48818227648735046,-0.0049062082543969154,0.5004528760910034,14.717954635620117,14.695948600769043
0.0,-0.011340792290866375,5.600729942321777,0.0,-0.005048951134085655,5.10176944732666,-0.004135493654757738,0.0,0.0010535845067352057,0.5577995181083679,0.0,-0.008875353261828423,0.5576691031455994,-0.0026895301416516304,0.4990001618862152,14.707165718078613,14.682228088378906
0.0,-0.011308419518172741,5.611910820007324,0.0,-0.005251220893114805,5.112947463989258,-0.004161680117249489,0.0,0.0021830908954143524,0.5603058338165283,0.0,-0.011336052790284157,0.5601254105567932,7.08696898072958e-05,0.49900010228157043,14.669933319091797,14.63887882232666
0.0,-0.011245920322835445,5.62247896194458,0.0,-0.005493815056979656,5.123512268066406,-0.0041252681985497475,0.0,0.0032289396040141582,0.5689264535903931,0.0,-0.012903155758976936,0.4963516891002655,0.003570303786545992,0.49899983406066895,14.672869682312012,14.633501052856445
0.0,-0.011154744774103165,5.632435321807861,0.0,-0.005774537567049265,5.133464336395264,-0.004042523913085461,0.0,0.004288028925657272,0.5744741559028625,0.0,-0.0147623922675848,0.46571433544158936,0.004704116843640804,0.4989999830722809,14.65924072265625,14.646485328674316
0.0,-0.01104985736310482,5.64310359954834,0.0,-0.006104929372668266,5.14412784576416,-0.003935341257601976,0.0,0.0054109422490000725,0.5708107948303223,0.0,-0.017533622682094574,0.5343732833862305,0.006014168728142977,0.4990002512931824,14.659075736999512,14.64433765411377
0.0,-0.010924944654107094,5.653819561004639,0.0,-0.006474955007433891,5.154839515686035,-0.003809402696788311,0.0,0.0063969348557293415,0.576217532157898,0.0,-0.019107813015580177,0.5036427974700928,0.006579676643013954,0.4989998936653137,14.645928382873535,14.639566421508789
0.0,-0.010775922797620296,5.663920879364014,0.0,-0.0068744574673473835,5.164936065673828,-0.003679384244605899,0.0,0.007339044939726591,0.5816273093223572,0.0,-0.02051064372062683,0.47290289402008057,0.006422171834856272,0.49900004267692566,14.641999244689941,14.643771171569824
0.0,-0.010618443600833416,5.6753926277160645,0.0,-0.007314945571124554,5.176403522491455,-0.003544494742527604,0.0,0.008327778428792953,0.5748327970504761,0.0,-0.02272208407521248,0.574555516242981,0.007066770922392607,0.49900004267692566,14.650172233581543,14.64292049407959
0.0,-0.010443156585097313,5.686910629272461,0.0,-0.007781689986586571,5.187917709350586,-0.0033896085806190968,0.0,0.009190324693918228,0.5771756768226624,0.0,-0.02390981838107109,0.5768448114395142,0.008421836420893669,0.49900001287460327,14.649911880493164,14.63466739654541
0.0,-0.010248671285808086,5.697811603546143,0.0,-0.008266052231192589,5.19881534576416,-0.003201814368367195,0.0,0.009974921122193336,0.5825048089027405,0.0,-0.02465778775513172,0.545988917350769,0.010357583872973919,0.4990001916885376,14.647587776184082,14.625810623168945
0.0,-0.010041496716439724,5.709420680999756,0.0,-0.008768802508711815,5.210422515869141,-0.0029787367675453424,0.0,0.010717560537159443,0.5816108584403992,0.0,-0.02543792501091957,0.5814176797866821,0.011950178071856499,0.49899977445602417,14.639871597290039,14.621954917907715
0.0,-0.009819861501455307,5.720409870147705,0.0,-0.009279967285692692,5.221410274505615,-0.002728154417127371,0.0,0.01136179082095623,0.5867721438407898,0.0,-0.02571427822113037,0.5504228472709656,0.013108066283166409,0.4989998936653137,14.630993843078613,14.61796760559082
0.0,-0.009587102569639683,5.731442928314209,0.0,-0.00979541428387165,5.232442855834961,-0.0024563614279031754,0.0,0.011929826810956001,0.588823139667511,0.0,-0.025780659168958664,0.5526323318481445,0.014071235433220863,0.49900010228157043,14.627466201782227,14.616630554199219
0.0,-0.009343598037958145,5.743176460266113,0.0,-0.010308923199772835,5.244177341461182,-0.002145163482055068,0.0,0.012406187132000923,0.5877154469490051,0.0,-0.025534018874168396,0.5876741409301758,0.017048563808202744,0.49900004267692566,14.63077449798584,14.59727954864502
0.0,-0.00909154862165451,5.754946231842041,0.0,-0.010814769193530083,5.255949020385742,-0.0017735568108037114,0.0,0.012781890109181404,0.5895772576332092,0.0,-0.025000501424074173,0.589478075504303,0.02011210471391678,0.4990001618862152,14.623960494995117,14.589495658874512
0.0,-0.008833127096295357,5.766748905181885,0.0,-0.011306950822472572,5.267755031585693,-0.0013491843128576875,0.0,0.013043195940554142,0.5912652611732483,0.0,-0.02416815422475338,0.5911072492599487,0.02232513763010502,0.49900001287460327,14.606339454650879,14.581442832946777
0.0,-0.00857505016028881,5.777923107147217,0.0,-0.01178279984742403,5.278933525085449,-0.0008928600000217557,0.0,0.013196672312915325,0.5959644317626953,0.0,-0.023204809054732323,0.5597299337387085,0.02330729551613331,0.4989998936653137,14.596368789672852,14.585319519042969
0.0,-0.0083216717466712,5.788477897644043,0.0,-0.012237897142767906,5.289493083953857,-0.00042374030454084277,0.0,0.01325168740004301,0.6037089228630066,0.0,-0.022260747849941254,0.4958145320415497,0.02360467240214348,0.4990001618862152,14.594705581665039,14.591360092163086
0.0,-0.008059030398726463,5.800384521484375,0.0,-0.012651139870285988,5.301405906677246,5.267054075375199e-05,0.0,0.013063729740679264,0.5962384939193726,0.0,-0.019795885309576988,0.5964494943618774,0.024036411195993423,0.4989997446537018,14.596898078918457,14.592041015625
0.0,-0.007806991692632437,5.811663627624512,0.0,-0.01303406897932291,5.3126912117004395,0.0005405068513937294,0.0,0.012847637757658958,0.6009309887886047,0.0,-0.018151696771383286,0.5650646686553955,0.024747217074036598,0.49899980425834656,14.594338417053223,14.586341857910156
0.0,-0.007569664157927036,5.822318077087402,0.0,-0.013382871635258198,5.323351860046387,0.0010361089371144772,0.0,0.012542126700282097,0.6086010336875916,0.0,-0.016691643744707108,0.5008450746536255,0.024813000112771988,0.49900007247924805,14.586472511291504,14.585732460021973
0.0,-0.007325759623199701,5.834321022033691,0.0,-0.013669908046722412,5.335361480712891,0.0015302327228710055,0.0,0.011935047805309296,0.6009458303451538,0.0,-0.013129446655511856,0.6012078523635864,0.024599377065896988,0.49899986386299133,14.579095840454102,14.581499099731445
0.0,-0.0071021635085344315,5.845693588256836,0.0,-0.013915114104747772,5.346740245819092,0.002008904470130801,0.0,0.011350013315677643,0.6053694486618042,0.0,-0.010941696353256702,0.5696001648902893,0.02326779253780842,0.49899986386299133,14.56332778930664,14.57830810546875
0.0,-0.006902305409312248,5.856436252593994,0.0,-0.014115685597062111,5.35748815536499,0.002461133524775505,0.0,0.010696017183363438,0.6126896142959595,0.0,-0.009090600535273552,0.5050971508026123,0.021955111995339394,0.49900022149086,14.553370475769043,14.568138122558594
0.0,-0.006699330173432827,5.8685173988342285,0.0,-0.014239988289773464,5.369574546813965,0.002887405687943101,0.0,0.009716817177832127,0.604621171951294,0.0,-0.004745247773826122,0.6048182845115662,0.02067210152745247,0.49899983406066895,14.541224479675293,14.555658340454102
0.0,-0.006524599157273769,5.87996244430542,0.0,-0.014314671978354454,5.381023406982422,0.003290124237537384,0.0,0.008816059678792953,0.608705997467041,0.0,-0.0022100077476352453,0.5729302763938904,0.01959974691271782,0.49899986386299133,14.540215492248535,14.552279472351074
0.0,-0.006369968876242638,5.891428470611572,0.0,-0.01432783342897892,5.392491817474365,0.0036620565224438906,0.0,0.007778081111609936,0.6096928715705872,0.0,0.0009042429737746716,0.5738920569419861,0.017593469470739365,0.49900010228157043,14.531184196472168,14.553754806518555
0.0,-0.006226429715752602,5.903571128845215,0.0,-0.01426769234240055,5.404635906219482,0.003978210035711527,0.0,0.006661504507064819,0.6106588244438171,0.0,0.004061844199895859,0.5747988224029541,0.014021895825862885,0.49900001287460327,14.520635604858398,14.560815811157227
0.0,-0.006103911902755499,5.915853023529053,0.0,-0.014165272936224937,5.415482521057129,0.004224844742566347,0.0,0.005532465875148773,0.6144843697547913,0.0,0.006708832457661629,0.5426957607269287,0.010641565546393394,0.500435471534729,14.508439064025879,14.546467781066895
0.0,-0.006030241027474403,5.9265923500061035,0.0,-0.013978320173919201,5.4276556968688965,0.004407490137964487,0.0,0.004212832543998957,0.6090766787528992,0.0,0.010922549292445183,0.6089680790901184,0.007622953038662672,0.4989999532699585,14.502091407775879,14.536050796508789
0.0,-0.005978834815323353,5.937468528747559,0.0,-0.013749539852142334,5.438529014587402,0.004535913001745939,0.0,0.0031075752340257168,0.6187800765037537,0.0,0.012466134503483772,0.5111300349235535,0.005219354759901762,0.49900001287460327,14.499868392944336,14.526908874511719
0.0,-0.005941968876868486,5.94901180267334,0.0,-0.013449479825794697,5.45006799697876,0.004617785103619099,0.0,0.0017496597720310092,0.6131907105445862,0.0,0.016500862315297127,0.5771434307098389,0.0029678356368094683,0.49900028109550476,14.49254035949707,14.51786994934082
0.0,-0.005920566152781248,5.961220741271973,0.0,-0.013080418109893799,5.4622721672058105,0.004644420929253101,0.0,0.0004387032240629196,0.6108108162879944,0.0,0.01988922990858555,0.6105073094367981,-0.0003042425960302353,0.4989999234676361,14.499383926391602,14.536194801330566
0.0,-0.005933112930506468,5.972785472869873,0.0,-0.012664368376135826,5.473830699920654,0.004618029110133648,0.0,-0.0007669040933251381,0.614256739616394,0.0,0.022157611325383186,0.5780896544456482,-0.0023349332623183727,0.4990001618862152,14.488471984863281,14.511317253112793
0.0,-0.005969683174043894,5.984357833862305,0.0,-0.012195023708045483,5.485396862030029,0.004541321657598019,0.0,-0.0019499597838148475,0.6176451444625854,0.0,0.024301031604409218,0.5456944108009338,-0.005335829220712185,0.49899980425834656,14.479269027709961,14.513029098510742
0.0,-0.006036797072738409,5.9952826499938965,0.0,-0.011684855446219444,5.496314525604248,0.00441061332821846,0.0,-0.0030943709425628185,0.6210572123527527,0.0,0.026268836110830307,0.5132915377616882,-0.00773501954972744,0.49900007247924805,14.484192848205566,14.511183738708496
0.0,-0.006112083327025175,6.007523059844971,0.0,-0.011115818284451962,5.508548259735107,0.004234535153955221,0.0,-0.004320166539400816,0.6121933460235596,0.0,0.02947976626455784,0.6117712259292603,-0.009872776456177235,0.4989998936653137,14.475041389465332,14.499091148376465
0.0,-0.00621476024389267,6.019114971160889,0.0,-0.010513977147638798,5.5201334953308105,0.003981929272413254,0.0,-0.0053451345302164555,0.6158546209335327,0.0,0.03098681941628456,0.5795280933380127,-0.01538781262934208,0.4989999830722809,14.484469413757324,14.546513557434082
0.0,-0.006341151427477598,6.030064105987549,0.0,-0.009883414022624493,5.531076431274414,0.0036246750969439745,0.0,-0.006259424611926079,0.6223240494728088,0.0,0.03201806917786598,0.5145595669746399,-0.02033759467303753,0.4990002512931824,14.472650527954102,14.528335571289062
0.0,-0.006476313807070255,6.042328834533691,0.0,-0.009216186590492725,5.543336391448975,0.0031865283381193876,0.0,-0.007170580793172121,0.6134253144264221,0.0,0.033953696489334106,0.6130706071853638,-0.023477090522646904,0.4989999532699585,14.467205047607422,14.502524375915527
0.0,-0.006629526615142822,6.053941249847412,0.0,-0.008531015366315842,5.55494499206543,0.002700998680666089,0.0,-0.00787093210965395,0.6166885495185852,0.0,0.03468814492225647,0.5804997682571411,-0.025075873360037804,0.4989998936653137,14.477521896362305,14.495508193969727
0.0,-0.00679445406422019,6.0655598640441895,0.0,-0.007830881513655186,5.566560745239258,0.0021937829442322254,0.0,-0.008449665270745754,0.6167637705802917,0.0,0.03526744619011879,0.5807909965515137,-0.025645704939961433,0.4990001916885376,14.473483085632324,14.479893684387207
0.0,-0.006968178320676088,6.077831745147705,0.0,-0.007121249567717314,5.578831672668457,0.0016799066215753555,0.0,-0.00889267772436142,0.6136317253112793,0.0,0.03556973859667778,0.6134619116783142,-0.02574191987514496,0.49900010228157043,14.462015151977539,14.46309757232666
0.0,-0.00714920274913311,6.090099334716797,0.0,-0.006410420872271061,5.591099739074707,0.0011591012589633465,0.0,-0.009186497889459133,0.6136114001274109,0.0,0.03545476496219635,0.6133620738983154,-0.026338623836636543,0.4990001320838928,14.464410781860352,14.471123695373535
0.0,-0.007334639318287373,6.102362632751465,0.0,-0.005705397110432386,5.603365421295166,0.0006385915912687778,0.0,-0.009335793554782867,0.6135460138320923,0.0,0.0349893644452095,0.6132165789604187,-0.025712335482239723,0.49899986386299133,14.46795654296875,14.46091079711914
0.0,-0.007518214173614979,6.1139678955078125,0.0,-0.005011029541492462,5.614974021911621,0.00012428464833647013,0.0,-0.00935210008174181,0.6163690090179443,0.0,0.034283291548490524,0.5802823901176453,-0.02571835368871689,0.4990001618862152,14.45443344116211,14.454501152038574
0.0,-0.00770381698384881,6.126229763031006,0.0,-0.004339674953371286,5.627241134643555,-0.00040094589348882437,0.0,-0.009200634434819221,0.6130478978157043,0.0,0.03296312317252159,0.6131851673126221,-0.026804694905877113,0.4989999830722809,14.445111274719238,14.457332611083984
0.0,-0.007879646494984627,6.1378302574157715,0.0,-0.0036903037689626217,5.638847827911377,-0.0009409638005308807,0.0,-0.00894024409353733,0.6157296895980835,0.0,0.031700022518634796,0.5801342129707336,-0.02719710022211075,0.49900001287460327,14.442000389099121,14.446414947509766
0.0,-0.008047319948673248,6.149425983428955,0.0,-0.0030738164205104113,5.650450706481934,-0.001484366599470377,0.0,-0.008514230139553547,0.6152233481407166,0.0,0.029899824410676956,0.579854428768158,-0.027143185958266258,0.49900004267692566,14.43413257598877,14.433526039123535
0.0,-0.008211534470319748,6.161663055419922,0.0,-0.002502814866602421,5.66269588470459,-0.0020177182741463184,0.0,-0.007915373891592026,0.6116529107093811,0.0,0.02747846394777298,0.611949622631073,-0.026191970333456993,0.49899983406066895,14.434713363647461,14.424012184143066
0.0,-0.008354552090168,6.1732354164123535,0.0,-0.001969061093404889,5.674276351928711,-0.00252582342363894,0.0,-0.00724434619769454,0.6140422224998474,0.0,0.02547992765903473,0.5786572694778442,-0.02461853437125683,0.4989999234676361,14.431841850280762,14.414140701293945
0.0,-0.008481317199766636,6.1847968101501465,0.0,-0.001485342625528574,5.685845851898193,-0.00299409544095397,0.0,-0.0064108422957360744,0.6133374571800232,0.0,0.0228545144200325,0.5780791640281677,-0.02220866270363331,0.49900001287460327,14.432181358337402,14.405070304870605
0.0,-0.008579627610743046,6.195692539215088,0.0,-0.0010468835243955255,5.696749210357666,-0.003410985227674246,0.0,-0.005550643429160118,0.6185277104377747,0.0,0.020957689732313156,0.5121622085571289,-0.019480306655168533,0.4990001916885376,14.423531532287598,14.392837524414062
0.0,-0.008677568286657333,6.207871913909912,0.0,-0.0006873164093121886,5.708935737609863,-0.0037778965197503567,0.0,-0.004365167580544949,0.6085264682769775,0.0,0.016444172710180283,0.6088176965713501,-0.017210815101861954,0.4990001618862152,14.411622047424316,14.386090278625488
0.0,-0.008753611706197262,6.220031261444092,0.0,-0.00039019863470457494,5.7211012840271,-0.004096511751413345,0.0,-0.00322810560464859,0.6075493097305298,0.0,0.013243304565548897,0.6077553629875183,-0.014650729484856129,0.49900007247924805,14.411664962768555,14.382863998413086
0.0,-0.008806145749986172,6.232170104980469,0.0,-0.0001584269048180431,5.733244895935059,-0.004373254720121622,0.0,-0.0020165664609521627,0.6064749360084534,0.0,0.009915364906191826,0.6065953373908997,-0.013023548759520054,0.4990001618862152,14.399260520935059,14.38095474243164
0.0,-0.00883378367871046,6.24428653717041,0.0,5.801892257295549e-06,5.745364665985107,-0.004615721292793751,0.0,-0.0007412905106320977,0.605354905128479,0.0,0.006495032459497452,0.6053891777992249,-0.011223096400499344,0.4990001618862152,14.396883964538574,14.376628875732422
0.0,-0.00883535761386156,6.256381034851074,0.0,0.00010098386701429263,5.757461071014404,-0.0048239692114293575,0.0,0.0005876972572878003,0.6043102741241455,0.0,0.0030168748926371336,0.6042578220367432,-0.009601680561900139,0.4989999830722809,14.401447296142578,14.383206367492676
0.0,-0.0087982676923275,6.2678046226501465,0.0,0.000137996394187212,5.768884658813477,-0.004995100665837526,0.0,0.0019051522249355912,0.6062790155410767,0.0,0.0001020615454763174,0.5706169605255127,-0.007511480711400509,0.4989999830722809,14.404315948486328,14.3808012008667
0.0,-0.00872209295630455,6.27855920791626,0.0,0.0001167779482784681,5.779637336730957,-0.005127517972141504,0.0,0.0031994683668017387,0.6112257242202759,0.0,-0.0022159102372825146,0.5045404434204102,-0.005730271339416504,0.4990001618862152,14.400875091552734,14.380836486816406
0.0,-0.008640703745186329,6.290593147277832,0.0,3.559442120604217e-06,5.791667938232422,-0.005248415749520063,0.0,0.004782533273100853,0.6012042760848999,0.0,-0.007365492172539234,0.600986123085022,-0.006359526887536049,0.49900010228157043,14.392738342285156,14.39981746673584
0.0,-0.008508994244039059,6.301304817199707,0.0,-0.00015499837172683328,5.802374839782715,-0.005363831762224436,0.0,0.006014951504766941,0.6118771433830261,0.0,-0.008471420966088772,0.4697064459323883,-0.005182056687772274,0.4989998936653137,14.37649917602539,14.363252639770508
0.0,-0.008349524810910225,6.311989784240723,0.0,-0.00037853652611374855,5.813053607940674,-0.005461680702865124,0.0,0.007515243254601955,0.6075349450111389,0.0,-0.012226602993905544,0.5007573962211609,-0.004602815955877304,0.49899983406066895,14.374181747436523,14.36766529083252
0.0,-0.008162391372025013,6.322648048400879,0.0,-0.0006642599473707378,5.823704242706299,-0.005535869859158993,0.0,0.00896918773651123,0.6062208414077759,0.0,-0.01527735311537981,0.499370276927948,-0.0028160964138805866,0.4990001320838928,14.382647514343262,14.362546920776367
0.0,-0.007965818047523499,6.334578514099121,0.0,-0.0010276716202497482,5.835626602172852,-0.005554894916713238,0.0,0.01054832711815834,0.5959249138832092,0.0,-0.01956305280327797,0.5954432487487793,0.0009135757572948933,0.4990001320838928,14.396431922912598,14.354473114013672
0.0,-0.007740590255707502,6.346482276916504,0.0,-0.0014452129835262895,5.847521781921387,-0.005493419710546732,0.0,0.011965751647949219,0.5946438312530518,0.0,-0.022149264812469482,0.5940676331520081,0.005233932752162218,0.49900022149086,14.399205207824707,14.350601196289062
0.0,-0.007487430702894926,6.358358383178711,0.0,-0.0019118626369163394,5.859389305114746,-0.005346970167011023,0.0,0.01333614718168974,0.5933369398117065,0.0,-0.024468889459967613,0.5926648378372192,0.00941102672368288,0.49900022149086,14.396474838256836,14.349482536315918
0.0,-0.0072074830532073975,6.370205879211426,0.0,-0.0024220021441578865,5.8712286949157715,-0.00512754637748003,0.0,0.014640012755990028,0.592047393321991,0.0,-0.026493677869439125,0.5912781953811646,0.01253136433660984,0.4990001320838928,14.391790390014648,14.35668659210205
0.0,-0.0069022392854094505,6.382026672363281,0.0,-0.002969485241919756,5.883042335510254,-0.004851567558944225,0.0,0.01586238108575344,0.5909465551376343,0.0,-0.02819911763072014,0.5900789499282837,0.015066527761518955,0.49899983406066895,14.402387619018555,14.37386703491211
0.0,-0.006569644436240196,6.3931732177734375,0.0,-0.003542552003636956,5.894182205200195,-0.00452758464962244,0.0,0.01696549914777279,0.5929197669029236,0.0,-0.0293047446757555,0.5564317107200623,0.01733177900314331,0.4990001916885376,14.405548095703125,14.380064010620117
0.0,-0.006219576578587294,6.404957294464111,0.0,-0.00414326973259449,5.905961513519287,-0.004158932249993086,0.0,0.01800299808382988,0.5887238383293152,0.0,-0.03050410933792591,0.5883409380912781,0.01953345350921154,0.49900010228157043,14.398483276367188,14.373714447021484
0.0,-0.00585029786452651,6.416713714599609,0.0,-0.0047601861879229546,5.917715072631836,-0.00374582433141768,0.0,0.01890307478606701,0.5874997973442078,0.0,-0.031123388558626175,0.5870147347450256,0.02177734300494194,0.49899983406066895,14.39157485961914,14.366331100463867
0.0,-0.005464319139719009,6.427792549133301,0.0,-0.005384182557463646,5.928792476654053,-0.0032850471325218678,0.0,0.019667375832796097,0.5892598628997803,0.0,-0.03128143027424812,0.5531894564628601,0.024300383403897285,0.49900007247924805,14.391429901123047,14.363045692443848
0.0,-0.005064426921308041,6.439500331878662,0.0,-0.00600889977067709,5.9405012130737305,-0.0027624396607279778,0.0,0.020297009497880936,0.5847699642181396,0.0,-0.03111843951046467,0.5846571922302246,0.02796037308871746,0.49900001287460327,14.384013175964355,14.342838287353516
0.0,-0.004656191915273666,6.450525760650635,0.0,-0.006627476774156094,5.951529502868652,-0.002182187745347619,0.0,0.020776698365807533,0.58627849817276,0.0,-0.030611077323555946,0.55062335729599,0.030064813792705536,0.4990001618862152,14.370745658874512,14.347070693969727
0.0,-0.004237538203597069,6.462172031402588,0.0,-0.007228093687444925,5.963181018829346,-0.0015691277803853154,0.0,0.021074287593364716,0.5816219449043274,0.0,-0.029514096677303314,0.5817170143127441,0.03124118223786354,0.4989999532699585,14.356410026550293,14.343175888061523
0.0,-0.003819709178060293,6.473133087158203,0.0,-0.007809304166585207,5.974149227142334,-0.000937332515604794,0.0,0.021232815459370613,0.5828849077224731,0.0,-0.02834792248904705,0.547479510307312,0.0319383405148983,0.49899980425834656,14.344949722290039,14.337106704711914
0.0,-0.0034086075611412525,6.483415126800537,0.0,-0.008365216664969921,5.984439849853516,-0.0003030500956811011,0.0,0.021256569772958755,0.5870158076286316,0.0,-0.027183784171938896,0.4811757802963257,0.03148990124464035,0.4989998936653137,14.3316650390625,14.336709976196289
0.0,-0.0029947319999337196,6.494307518005371,0.0,-0.00887548178434372,5.995342254638672,0.0003238869830965996,0.0,0.020999059081077576,0.5791699290275574,0.0,-0.024427659809589386,0.5441561937332153,0.031203798949718475,0.4989999234676361,14.332167625427246,14.335386276245117
0.0,-0.0025876974686980247,6.505163192749023,0.0,-0.009339956566691399,6.006208896636963,0.0009444034658372402,0.0,0.020636282861232758,0.57728511095047,0.0,-0.02196512371301651,0.5423365831375122,0.03084784559905529,0.4989999830722809,14.329147338867188,14.333151817321777
0.0,-0.0021906686015427113,6.515980243682861,0.0,-0.009751883335411549,6.017037391662598,0.001551097258925438,0.0,0.020113125443458557,0.5752207040786743,0.0,-0.019177373498678207,0.5403434038162231,0.029821522533893585,0.4990001320838928,14.312188148498535,14.323734283447266
0.0,-0.0018066661432385445,6.526755332946777,0.0,-0.010105515830218792,6.027824401855469,0.0021519153378903866,0.0,0.019484806805849075,0.5760924816131592,0.0,-0.016630103811621666,0.505919873714447,0.030260298401117325,0.4989999532699585,14.315945625305176,14.311009407043457
0.0,-0.0014387238770723343,6.5374884605407715,0.0,-0.010394186712801456,6.03856897354126,0.0027480076532810926,0.0,0.018604198470711708,0.5709797143936157,0.0,-0.01273380871862173,0.5361224412918091,0.02934892475605011,0.49899983406066895,14.308320045471191,14.318572998046875
0.0,-0.0011020516976714134,6.54753303527832,0.0,-0.010625251568853855,6.048624038696289,0.0033289988059550524,0.0,0.01773764193058014,0.5748875737190247,0.0,-0.010337240062654018,0.46933481097221375,0.028750186786055565,0.49899986386299133,14.3128023147583,14.319538116455078
0.0,-0.000774705782532692,6.558183193206787,0.0,-0.010769609361886978,6.059283256530762,0.00389055535197258,0.0,0.016505492851138115,0.5668177008628845,0.0,-0.005303527694195509,0.5318679809570312,0.02740546315908432,0.49900004267692566,14.308387756347656,14.323515892028809
0.0,-0.0004715295508503914,6.568791389465332,0.0,-0.010836567729711533,6.069899082183838,0.004427213687449694,0.0,0.01531909964978695,0.567646861076355,0.0,-0.0020169452764093876,0.4973237216472626,0.0262603759765625,0.4989999532699585,14.303499221801758,14.316381454467773
0.0,-0.00020874105393886566,6.578710556030273,0.0,-0.010836434550583363,6.0798234939575195,0.00493951141834259,0.0,0.014011571183800697,0.5685012340545654,0.0,0.0013752891682088375,0.46275949478149414,0.024969397112727165,0.4990002512931824,14.304283142089844,14.318806648254395
0.0,5.2990391850471497e-05,6.589879989624023,0.0,-0.010726052336394787,6.090996265411377,0.0054232412949204445,0.0,0.01233525201678276,0.5574232339859009,0.0,0.0076066735200583935,0.5575205683708191,0.02340359054505825,0.4990001618862152,14.305624961853027,14.323240280151367
0.0,0.0002840300730895251,6.601001739501953,0.0,-0.010532042942941189,6.102118968963623,0.005864347331225872,0.0,0.010817661881446838,0.5577493906021118,0.0,0.011097719892859459,0.5225008130073547,0.0207070242613554,0.49900001287460327,14.257950782775879,14.288287162780762
0.0,0.0004851074190810323,6.612191200256348,0.0,-0.010282176546752453,6.1118974685668945,0.00624863663688302,0.0,0.009212233126163483,0.5582260489463806,0.0,0.014583243057131767,0.48760250210762024,0.01772189699113369,0.5004095435142517,14.26728343963623,14.30086612701416
0.0,0.0006196890026330948,6.621803283691406,0.0,-0.009921275079250336,6.122914791107178,0.006579387933015823,0.0,0.0073417373932898045,0.5498847365379333,0.0,0.02010602504014969,0.5496070981025696,0.015353224240243435,0.49899983406066895,14.281211853027344,14.307859420776367
0.0,0.0007221885025501251,6.631485939025879,0.0,-0.009505708701908588,6.1325907707214355,0.006854074075818062,0.0,0.005731666926294565,0.5565852522850037,0.0,0.02211281657218933,0.4503054618835449,0.01211539376527071,0.4989999830722809,14.283512115478516,14.319937705993652
0.0,0.0008021816611289978,6.6417694091796875,0.0,-0.008997734636068344,6.1428656578063965,0.007060210220515728,0.0,0.003772687166929245,0.5483817458152771,0.0,0.027332060039043427,0.5125685334205627,0.008498212322592735,0.4989999830722809,14.285154342651367,14.325847625732422
0.0,0.0008459724485874176,6.652009010314941,0.0,-0.008413654752075672,6.15309476852417,0.007194242440164089,0.0,0.001916798879392445,0.5462575554847717,0.0,0.03104047104716301,0.5103285908699036,0.004905021749436855,0.4990001618862152,14.292515754699707,14.332939147949219
0.0,0.0008646114729344845,6.6628522872924805,0.0,-0.00774563429877162,6.163926601409912,0.007245494984090328,0.0,6.412854418158531e-06,0.5411673188209534,0.0,0.03511856868863106,0.5404767394065857,0.00022023404017090797,0.4989999532699585,14.288603782653809,14.341307640075684
0.0,0.0008362228982150555,6.673006057739258,0.0,-0.007021877449005842,6.174067974090576,0.007205362431704998,0.0,-0.001773543655872345,0.5421832203865051,0.0,0.037766531109809875,0.5060105919837952,-0.004233467858284712,0.4989999532699585,14.298233985900879,14.34833812713623
0.0,0.0007637897506356239,6.6824750900268555,0.0,-0.006246655248105526,6.183524131774902,0.0070837801322340965,0.0,-0.003470752388238907,0.5463123321533203,0.0,0.03969815745949745,0.43944352865219116,-0.007924739271402359,0.4990001916885376,14.31202507019043,14.353551864624023
0.0,0.0006744852289557457,6.693200588226318,0.0,-0.00539926765486598,6.19423770904541,0.0068831779062747955,0.0,-0.005317710340023041,0.535469651222229,0.0,0.04361363500356674,0.5346981883049011,-0.012135487049818039,0.49899983406066895,14.309876441955566,14.357247352600098
0.0,0.0005451398901641369,6.7032389640808105,0.0,-0.004512528423219919,6.2042646408081055,0.006602379493415356,0.0,-0.00691522192209959,0.5366320013999939,0.0,0.04538832977414131,0.5003473162651062,-0.015944335609674454,0.4989999532699585,14.312417984008789,14.355267524719238
0.0,0.0003857032861560583,6.71324348449707,0.0,-0.0035863902885466814,6.214259147644043,0.006239250767976046,0.0,-0.008443798869848251,0.5348061919212341,0.0,0.04715149849653244,0.49875012040138245,-0.020368536934256554,0.4990001320838928,14.311933517456055,14.361705780029297
0.0,0.000202082097530365,6.723858833312988,0.0,-0.0026241762097924948,6.22486686706543,0.0057982769794762135,0.0,-0.009870197623968124,0.5300134420394897,0.0,0.048736151307821274,0.5294185280799866,-0.023728862404823303,0.4989999532699585,14.3192720413208,14.357075691223145
0.0,-1.0173884220421314e-05,6.733786106109619,0.0,-0.001643650815822184,6.23478889465332,0.005288038402795792,0.0,-0.011112885549664497,0.531309187412262,0.0,0.049422379583120346,0.4951721429824829,-0.027295012027025223,0.49899986386299133,14.323334693908691,14.36345386505127
0.0,-0.0002442862023599446,6.743682861328125,0.0,-0.0006503949407488108,6.244683265686035,0.004706584382802248,0.0,-0.012212428264319897,0.5294483304023743,0.0,0.04982183501124382,0.49372607469558716,-0.030850395560264587,0.4989997446537018,14.315285682678223,14.355283737182617
0.0,-0.0004968782886862755,6.753542423248291,0.0,0.0003460107836872339,6.254543304443359,0.004061550367623568,0.0,-0.013136332854628563,0.5275394320487976,0.0,0.049737460911273956,0.49197620153427124,-0.03365300968289375,0.49899983406066895,14.314335823059082,14.345865249633789
0.0,-0.000764295575208962,6.763363838195801,0.0,0.0013358393916860223,6.264368057250977,0.003355804132297635,0.0,-0.013871822506189346,0.5256469249725342,0.0,0.0491642989218235,0.4902358055114746,-0.03692161291837692,0.4990001916885376,14.312841415405273,14.349613189697266
0.0,-0.0010471371933817863,6.773792266845703,0.0,0.002306584967300296,6.274803638458252,0.0025976430624723434,0.0,-0.014392940327525139,0.5205502510070801,0.0,0.04796652868390083,0.5206546187400818,-0.03889448940753937,0.4989998936653137,14.30480670928955,14.327001571655273
0.0,-0.0013324171304702759,6.78352689743042,0.0,0.0032556168735027313,6.284547805786133,0.0018033330561593175,0.0,-0.014737289398908615,0.5214512944221497,0.0,0.04663941264152527,0.48607581853866577,-0.04053650423884392,0.4990001916885376,14.305252075195312,14.323724746704102
0.0,-0.0016280179843306541,6.793869495391846,0.0,0.004162966273725033,6.29490327835083,0.0009894638787955046,0.0,-0.014818564057350159,0.5161697864532471,0.0,0.044320158660411835,0.516566276550293,-0.04085041210055351,0.49899983406066895,14.30206298828125,14.305594444274902
0.0,-0.0019144359976053238,6.803516387939453,0.0,0.005032855086028576,6.304564952850342,0.00016945810057222843,0.0,-0.01474692951887846,0.5169752836227417,0.0,0.04221886396408081,0.4819052517414093,-0.04115016385912895,0.49899980425834656,14.305808067321777,14.30918025970459
0.0,-0.0021846131421625614,6.812479019165039,0.0,0.005858382675796747,6.313543796539307,-0.0006382982828654349,0.0,-0.01451622974127531,0.5207879543304443,0.0,0.04026993736624718,0.41547518968582153,-0.03962547332048416,0.49900004267692566,14.320494651794434,14.30334186553955
0.0,-0.00246706185862422,6.822690963745117,0.0,0.006599846761673689,6.323773384094238,-0.0014298718888312578,0.0,-0.013843889348208904,0.5096392631530762,0.0,0.035376645624637604,0.5103236436843872,-0.0395318865776062,0.4989999532699585,14.310551643371582,14.30949878692627
0.0,-0.002723775804042816,6.832210540771484,0.0,0.007282637991011143,6.333310604095459,-0.002215547952800989,0.0,-0.013168103992938995,0.5105228424072266,0.0,0.03225424885749817,0.4757213294506073,-0.039035722613334656,0.4990002512931824,14.31594181060791,14.310359954833984
0.0,-0.0029769428074359894,6.842336177825928,0.0,0.007874625734984875,6.343454360961914,-0.002981470664963126,0.0,-0.012180971913039684,0.505239725112915,0.0,0.027545146644115448,0.5059605836868286,-0.03755655139684677,0.49899983406066895,14.310502052307129,14.293861389160156
0.0,-0.0031945547088980675,6.8517680168151855,0.0,0.008396455086767673,6.352902412414551,-0.003710412885993719,0.0,-0.011133044958114624,0.5058487057685852,0.0,0.023887870833277702,0.4711291193962097,-0.0353376679122448,0.49900022149086,14.305721282958984,14.28075885772705
0.0,-0.0034032100811600685,6.861799716949463,0.0,0.008813273161649704,6.362949371337891,-0.004381241276860237,0.0,-0.009777114726603031,0.5004346370697021,0.0,0.018508773297071457,0.5010486841201782,-0.03174515441060066,0.4989998936653137,14.311619758605957,14.271203994750977
0.0,-0.0035680150613188744,6.8711371421813965,0.0,0.009151142090559006,6.3722991943359375,-0.004982451908290386,0.0,-0.008409175090491772,0.5010495185852051,0.0,0.014455189928412437,0.46621832251548767,-0.028375929221510887,0.49900007247924805,14.312673568725586,14.27476978302002
0.0,-0.003702131099998951,6.880429267883301,0.0,0.009390559047460556,6.381600856781006,-0.005510075483471155,0.0,-0.006910677999258041,0.5017123222351074,0.0,0.01028831209987402,0.4315429925918579,-0.024386433884501457,0.4990001916885376,14.320405960083008,14.275524139404297
0.0,-0.003785936161875725,6.889028549194336,0.0,0.009545478038489819,6.390206813812256,-0.00595515500754118,0.0,-0.005380031652748585,0.5053029656410217,0.0,0.0068834880366921425,0.3644784092903137,-0.020121516659855843,0.49899983406066895,14.317190170288086,14.269209861755371
0.0,-0.0038346759974956512,6.897581100463867,0.0,0.009596824645996094,6.398761749267578,-0.006326403934508562,0.0,-0.0035180929116904736,0.4999695420265198,0.0,0.0008323332294821739,0.3942091464996338,-0.017003383487462997,0.4990001618862152,14.313366889953613,14.278287887573242
0.0,-0.0038817431777715683,6.907378673553467,0.0,0.009509150870144367,6.408558368682861,-0.006633355747908354,0.0,-0.0014997447142377496,0.491765558719635,0.0,-0.006122646853327751,0.4563281834125519,-0.013691802509129047,0.49900001287460327,14.323150634765625,14.285895347595215
0.0,-0.0038943097461014986,6.9172515869140625,0.0,0.009352209977805614,6.4170145988464355,-0.00686552282422781,0.0,0.00033047888427972794,0.4925156533718109,0.0,-0.010426614433526993,0.4216008186340332,-0.009524881839752197,0.5004123449325562,14.327099800109863,14.280221939086914
0.0,-0.0038286736235022545,6.9255475997924805,0.0,0.009058531373739243,6.426713943481445,-0.007007913663983345,0.0,0.002430037595331669,0.4842771291732788,0.0,-0.017209753394126892,0.48374858498573303,-0.004714209120720625,0.49900007247924805,14.329475402832031,14.275355339050293
0.0,-0.0037605781108140945,6.935209274291992,0.0,0.00866484735161066,6.43636417388916,-0.007046512793749571,0.0,0.004376096185296774,0.48197615146636963,0.0,-0.022128740325570107,0.4812517762184143,0.000854316633194685,0.49899983406066895,14.3305082321167,14.267862319946289
0.0,-0.0036384342238307,6.944180011749268,0.0,0.008190799504518509,6.445320129394531,-0.00697699561715126,0.0,0.006227420177310705,0.4828951954841614,0.0,-0.026042385026812553,0.44665902853012085,0.0060974061489105225,0.49900010228157043,14.345427513122559,14.286442756652832
0.0,-0.0034792497754096985,6.953108787536621,0.0,0.007624398916959763,6.454232215881348,-0.006816082634031773,0.0,0.008036659099161625,0.48366624116897583,0.0,-0.02978135645389557,0.4121028482913971,0.009993907995522022,0.4990001320838928,14.32807445526123,14.284238815307617
0.0,-0.0032976344227790833,6.962638854980469,0.0,0.0069579025730490685,6.463744163513184,-0.006573969963937998,0.0,0.009974786080420017,0.47545620799064636,0.0,-0.03537341579794884,0.47437962889671326,0.014217371121048927,0.49900007247924805,14.328883171081543,14.28136920928955
0.0,-0.003080751746892929,6.97212028503418,0.0,0.006211819127202034,6.473206996917725,-0.006260576657950878,0.0,0.011687313206493855,0.4731994569301605,0.0,-0.03917259722948074,0.4719218313694,0.017121966928243637,0.49899980425834656,14.31869125366211,14.286014556884766
0.0,-0.002820094581693411,6.980907917022705,0.0,0.005405648145824671,6.481975555419922,-0.00589000666514039,0.0,0.013235918246209621,0.47403571009635925,0.0,-0.041977085173130035,0.4372572898864746,0.019935010001063347,0.4990001618862152,14.32563304901123,14.293986320495605
0.0,-0.002539323177188635,6.990303039550781,0.0,0.004524810239672661,6.4913530349731445,-0.005452630575746298,0.0,0.014764604158699512,0.46879562735557556,0.0,-0.04549044743180275,0.4676722288131714,0.023802604526281357,0.49900001287460327,14.328124046325684,14.284613609313965
0.0,-0.002222947310656309,6.999002456665039,0.0,0.0035982998088002205,6.500036239624023,-0.0049483575858175755,0.0,0.016057046130299568,0.46953293681144714,0.0,-0.04753725603222847,0.43292462825775146,0.026624716818332672,0.4990001618862152,14.318416595458984,14.286667823791504
0.0,-0.0018890304490923882,7.008305549621582,0.0,0.0026189773343503475,6.509325981140137,-0.00438657496124506,0.0,0.01726813055574894,0.4641992449760437,0.0,-0.049927134066820145,0.46324682235717773,0.029553556814789772,0.4989999234676361,14.315873146057129,14.282923698425293
0.0,-0.001529378117993474,7.016910552978516,0.0,0.0016105228569358587,6.51792049407959,-0.0037663732655346394,0.0,0.018243400380015373,0.4649146795272827,0.0,-0.05112142488360405,0.42847949266433716,0.03246662765741348,0.4989999234676361,14.317252159118652,14.284480094909668
0.0,-0.0011535680387169123,7.02547550201416,0.0,0.0005776340840384364,6.5264787673950195,-0.003091821214184165,0.0,0.019058875739574432,0.4625948667526245,0.0,-0.052072107791900635,0.42667073011398315,0.03498856723308563,0.4989997446537018,14.316123962402344,14.287752151489258
0.0,-0.0007654615328647196,7.033995628356934,0.0,-0.000468704616650939,6.5349955558776855,-0.002374973613768816,0.0,0.01967552676796913,0.4603953957557678,0.0,-0.05246763303875923,0.4246445596218109,0.03669619560241699,0.4990001618862152,14.318280220031738,14.29906940460205
0.0,-0.0003674824256449938,7.043116092681885,0.0,-0.001517726224847138,6.544117450714111,-0.0016288452316075563,0.0,0.02008664794266224,0.45513591170310974,0.0,-0.05232152342796326,0.4548836350440979,0.0379166454076767,0.4989999532699585,14.310623168945312,14.296893119812012
0.0,3.298139199614525e-05,7.051538944244385,0.0,-0.0025593056343495846,6.552545547485352,-0.0008528036414645612,0.0,0.020289869979023933,0.4559824466705322,0.0,-0.051668521016836166,0.42022082209587097,0.039687514305114746,0.4990001320838928,14.320221900939941,14.300299644470215
0.0,0.0004385670181363821,7.060570240020752,0.0,-0.0035773247946053743,6.561586380004883,-5.373056046664715e-05,0.0,0.020251333713531494,0.4506448805332184,0.0,-0.050213176757097244,0.450806200504303,0.04021979123353958,0.49900001287460327,14.30362319946289,14.297635078430176
0.0,0.0008342335931956768,7.068902969360352,0.0,-0.004569378215819597,6.569932460784912,0.0007517774356529117,0.0,0.020031943917274475,0.4514518082141876,0.0,-0.04864232614636421,0.41610902547836304,0.04033100977540016,0.49899977445602417,14.307989120483398,14.306737899780273
0.0,0.0012210095301270485,7.077199459075928,0.0,-0.005519326776266098,6.578245162963867,0.0015495899133384228,0.0,0.01956837996840477,0.44923195242881775,0.0,-0.04627373442053795,0.41446101665496826,0.03945023939013481,0.49899980425834656,14.304665565490723,14.314574241638184
0.0,0.0015945644117891788,7.085453510284424,0.0,-0.0064168511889874935,6.586517810821533,0.002322552725672722,0.0,0.01889120042324066,0.44711804389953613,0.0,-0.04340057447552681,0.4124772548675537,0.03784603253006935,0.49900001287460327,14.30566692352295,14.323714256286621
0.0,0.0019508185796439648,7.093665599822998,0.0,-0.007252061273902655,6.59475040435791,0.003059681970626116,0.0,0.018009381368756294,0.4450016915798187,0.0,-0.04004794731736183,0.41046902537345886,0.035866882652044296,0.49900007247924805,14.303265571594238,14.325531005859375
0.0,0.0022994009777903557,7.102480888366699,0.0,-0.008003796450793743,6.6035871505737305,0.003756207413971424,0.0,0.01687954179942608,0.43980711698532104,0.0,-0.03565524145960808,0.4406493902206421,0.03378566727042198,0.49900010228157043,14.296120643615723,14.319534301757812
0.0,0.0026245787739753723,7.111248016357422,0.0,-0.00867556408047676,6.612375736236572,0.0044124554842710495,0.0,0.015624686144292355,0.43756064772605896,0.0,-0.031456999480724335,0.43818509578704834,0.03183915466070175,0.49900022149086,14.29188346862793,14.31378173828125
0.0,0.0029228413477540016,7.119965553283691,0.0,-0.009259647689759731,6.621114253997803,0.005028220359236002,0.0,0.014201474376022816,0.4352733790874481,0.0,-0.026894308626651764,0.43567872047424316,0.029737340286374092,0.49900004267692566,14.288032531738281,14.311677932739258
0.0,0.003191000781953335,7.128634929656982,0.0,-0.0097492141649127,6.629802703857422,0.005593851674348116,0.0,0.0126234982162714,0.43296322226524353,0.0,-0.022013332694768906,0.4331480860710144,0.026825793087482452,0.49900004267692566,14.28182315826416,14.31457805633545
0.0,0.003426111303269863,7.137255668640137,0.0,-0.010138396173715591,6.638440132141113,0.006097582168877125,0.0,0.010907527059316635,0.43062224984169006,0.0,-0.016864486038684845,0.4305853545665741,0.023547273129224777,0.4989999234676361,14.277522087097168,14.31440544128418
0.0,0.0036073802039027214,7.145183086395264,0.0,-0.010439900681376457,6.64638090133667,0.006537937093526125,0.0,0.009152554906904697,0.431317538022995,0.0,-0.012376868166029453,0.39578795433044434,0.020488224923610687,0.4989999234676361,14.282278060913086,14.316692352294922
0.0,0.0037508364766836166,7.153079509735107,0.0,-0.010631981305778027,6.654286861419678,0.006915429141372442,0.0,0.007213055621832609,0.4289344251155853,0.0,-0.006831157952547073,0.3940216898918152,0.017260991036891937,0.4989999830722809,14.280023574829102,14.316329956054688
0.0,0.003835550509393215,7.160284042358398,0.0,-0.010731242597103119,6.661496639251709,0.00722717959433794,0.0,0.00536692189052701,0.4326106905937195,0.0,-0.003083661897107959,0.32695698738098145,0.013914059847593307,0.49900007247924805,14.280272483825684,14.317925453186035
0.0,0.003879138268530369,7.167442798614502,0.0,-0.010717497207224369,6.668656349182129,0.0074706291779875755,0.0,0.0033723346423357725,0.43329480290412903,0.0,0.0016318412963300943,0.2921566367149353,0.010430902242660522,0.4989999830722809,14.279220581054688,14.318406105041504
0.0,0.003880925476551056,7.174555778503418,0.0,-0.01059047318994999,6.675765514373779,0.00763872591778636,0.0,0.0011589897330850363,0.42809486389160156,0.0,0.008229093626141548,0.32194820046424866,0.006378761027008295,0.4990001320838928,14.282567977905273,14.328154563903809
0.0,0.003859095275402069,7.182270050048828,0.0,-0.010332330130040646,6.6834716796875,0.0077217393554747105,0.0,-0.0010746167972683907,0.42288950085639954,0.0,0.014756239950656891,0.35179996490478516,0.0019226009026169777,0.4990001916885376,14.280317306518555,14.330449104309082
0.0,0.003794989548623562,7.189939022064209,0.0,-0.009963995777070522,6.691128730773926,0.0077175055630505085,0.0,-0.0032163497526198626,0.4205653965473175,0.0,0.020211244001984596,0.34930023550987244,-0.0023459605872631073,0.49900001287460327,14.273667335510254,14.321688652038574
0.0,0.0036721760407090187,7.196915626525879,0.0,-0.009506714530289173,6.698089599609375,0.007625478785485029,0.0,-0.005247888155281544,0.4212009608745575,0.0,0.024587955325841904,0.31449517607688904,-0.006856713443994522,0.49900007247924805,14.270167350769043,14.320913314819336
0.0,0.003541751764714718,7.205136775970459,0.0,-0.008913479745388031,6.706292152404785,0.007442854810506105,0.0,-0.007544185500591993,0.40998148918151855,0.0,0.03212925046682358,0.408885657787323,-0.011405698023736477,0.49900010228157043,14.277194023132324,14.328370094299316
0.0,0.003370816819369793,7.213309288024902,0.0,-0.00822361558675766,6.714444160461426,0.0071710627526044846,0.0,-0.009526090696454048,0.40766599774360657,0.0,0.036801453679800034,0.4063352346420288,-0.015773527324199677,0.49899983406066895,14.27332878112793,14.322466850280762
0.0,0.003147533629089594,7.22078800201416,0.0,-0.007458812091499567,6.721900463104248,0.0068131559528410435,0.0,-0.011339133605360985,0.4084061086177826,0.0,0.04036525636911392,0.37156403064727783,-0.020017165690660477,0.4990002512931824,14.278868675231934,14.32660961151123
0.0,0.0029015871696174145,7.228870391845703,0.0,-0.006597816478461027,6.729960918426514,0.006374881137162447,0.0,-0.013163828290998936,0.40313106775283813,0.0,0.04496750235557556,0.4017786383628845,-0.023810330778360367,0.4989998936653137,14.281503677368164,14.324176788330078
0.0,0.002611147239804268,7.236258029937744,0.0,-0.005675399675965309,6.737326622009277,0.005862884223461151,0.0,-0.014725806191563606,0.40401121973991394,0.0,0.047810740768909454,0.3671206831932068,-0.027389364317059517,0.49900022149086,14.292686462402344,14.332950592041016
0.0,0.002300713676959276,7.244253158569336,0.0,-0.004677759483456612,6.745301723480225,0.005281419958919287,0.0,-0.0162337776273489,0.3988591134548187,0.0,0.0513237901031971,0.3975713849067688,-0.030757063999772072,0.49900022149086,14.293580055236816,14.331466674804688
0.0,0.001962820068001747,7.252197742462158,0.0,-0.0036259545013308525,6.753229141235352,0.0046395426616072655,0.0,-0.017512477934360504,0.39669880270957947,0.0,0.053766798228025436,0.39517077803611755,-0.03343065828084946,0.4989998936653137,14.29406452178955,14.324142456054688
0.0,0.0015960396267473698,7.259445667266846,0.0,-0.0025380090810358524,6.760462760925293,0.0039490931667387486,0.0,-0.018565399572253227,0.3975905776023865,0.0,0.05529535934329033,0.3605198860168457,-0.03561427444219589,0.49900001287460327,14.301228523254395,14.325794219970703
0.0,0.0012117869919165969,7.266664505004883,0.0,-0.0014177955454215407,6.767671585083008,0.0032256264239549637,0.0,-0.01944962702691555,0.3955199122428894,0.0,0.056619856506586075,0.35933956503868103,-0.03673240542411804,0.49899983406066895,14.31640625,14.328985214233398
0.0,0.0008141504367813468,7.273843288421631,0.0,-0.0002771170111373067,6.774844646453857,0.002478677313774824,0.0,-0.020122624933719635,0.3935488164424896,0.0,0.05734609439969063,0.35757291316986084,-0.03796251863241196,0.49899983406066895,14.318798065185547,14.332636833190918
0.0,0.00040743275894783437,7.280982494354248,0.0,0.0008720525074750185,6.781982898712158,0.0017098478274419904,0.0,-0.02057870663702488,0.39152655005455017,0.0,0.057469021528959274,0.35579121112823486,-0.038920432329177856,0.49899980425834656,14.316753387451172,14.327529907226562
0.0,-3.981171175837517e-06,7.288081169128418,0.0,0.0020175976678729057,6.789085388183594,0.000928394147194922,0.0,-0.02081390656530857,0.3895193040370941,0.0,0.05698496475815773,0.3540229797363281,-0.039224930107593536,0.49899986386299133,14.321511268615723,14.324936866760254
0.0,-0.0004156823270022869,7.295139789581299,0.0,0.003147396259009838,6.796152591705322,0.0001464716624468565,0.0,-0.02082708850502968,0.3874928653240204,0.0,0.05589678883552551,0.3522413969039917,-0.0389673113822937,0.4989999234676361,14.323284149169922,14.320385932922363
0.0,-0.0008232896216213703,7.302158355712891,0.0,0.004249448888003826,6.8031840324401855,-0.000628492736723274,0.0,-0.020619956776499748,0.3854704797267914,0.0,0.05421371012926102,0.3504493534564972,-0.038529131561517715,0.49900010228157043,14.324502944946289,14.319573402404785
0.0,-0.0012311390601098537,7.3097825050354,0.0,0.0053054350428283215,6.810825347900391,-0.001390528748743236,0.0,-0.020165635272860527,0.3804095685482025,0.0,0.05162305757403374,0.3809208869934082,-0.037674468010663986,0.4989999532699585,14.323399543762207,14.3137845993042
0.0,-0.0016177990473806858,7.31671142578125,0.0,0.006319120060652494,6.817774772644043,-0.002136094495654106,0.0,-0.019569827243685722,0.38138237595558167,0.0,0.04923124983906746,0.3463318645954132,-0.03688211366534233,0.49899977445602417,14.323712348937988,14.314798355102539
0.0,-0.001987938303500414,7.323607921600342,0.0,0.0072709121741354465,6.82469367980957,-0.0028570641297847033,0.0,-0.01872873865067959,0.3793087899684906,0.0,0.04587417468428612,0.3448288142681122,-0.03521483764052391,0.4990001320838928,14.329806327819824,14.311049461364746
0.0,-0.0023512830957770348,7.331110000610352,0.0,0.008138666860759258,6.832220077514648,-0.0035424570087343454,0.0,-0.01763763464987278,0.37423965334892273,0.0,0.041427385061979294,0.375177800655365,-0.03332444280385971,0.4990001916885376,14.327972412109375,14.306705474853516
0.0,-0.002691936679184437,7.338565349578857,0.0,0.008924948051571846,6.839700698852539,-0.004187088459730148,0.0,-0.01641903445124626,0.3721841871738434,0.0,0.03712775930762291,0.37287265062332153,-0.0311387050896883,0.4989998936653137,14.329001426696777,14.304411888122559
0.0,-0.002989889122545719,7.345329284667969,0.0,0.009636050090193748,6.846488952636719,-0.0047888681292533875,0.0,-0.015099329873919487,0.37314021587371826,0.0,0.03316445276141167,0.338266521692276,-0.02903926558792591,0.49900007247924805,14.329948425292969,14.306329727172852
0.0,-0.003275074064731598,7.352707862854004,0.0,0.01023238617926836,6.853890895843506,-0.005345914047211409,0.0,-0.013476327061653137,0.36794325709342957,0.0,0.02724776417016983,0.3688899278640747,-0.0266653373837471,0.49899980425834656,14.323888778686523,14.297182083129883
0.0,-0.003509298898279667,7.3593950271606445,0.0,0.01074135210365057,6.860598564147949,-0.005852058529853821,0.0,-0.011869956739246845,0.3687482178211212,0.0,0.02272622659802437,0.3341580629348755,-0.02394910342991352,0.4989999830722809,14.322514533996582,14.291956901550293
0.0,-0.0037077292799949646,7.36604118347168,0.0,0.011139564216136932,6.86726188659668,-0.006292290054261684,0.0,-0.010057414881885052,0.36650824546813965,0.0,0.017063388600945473,0.3319358229637146,-0.02007404901087284,0.49900022149086,14.326725959777832,14.28313159942627
0.0,-0.0038682641461491585,7.372642517089844,0.0,0.011422847397625446,6.873877048492432,-0.006653136108070612,0.0,-0.00823422335088253,0.3672245740890503,0.0,0.012199288234114647,0.29720836877822876,-0.016010548919439316,0.49899980425834656,14.324216842651367,14.278502464294434
0.0,-0.0039690351113677025,7.378553867340088,0.0,0.011607237160205841,6.879796981811523,-0.00693061389029026,0.0,-0.006331061013042927,0.3680586814880371,0.0,0.007211385294795036,0.2624974250793457,-0.011737240478396416,0.49900004267692566,14.33347225189209,14.28539752960205
0.0,-0.004069581162184477,7.385714054107666,0.0,0.011630194261670113,6.886961460113525,-0.007125719916075468,0.0,-0.003996160812675953,0.3569565415382385,0.0,-0.001897196751087904,0.3570191264152527,-0.007773345801979303,0.49899962544441223,14.333765983581543,14.289172172546387
0.0,-0.004132409580051899,7.392952919006348,0.0,0.011571927927434444,6.892786502838135,-0.007242266554385424,0.0,-0.002188581507652998,0.3639219105243683,0.0,-0.00494429562240839,0.25778377056121826,-0.0038813373539596796,0.5004128813743591,14.341955184936523,14.29817008972168
0.0,-0.004105741158127785,7.398619651794434,0.0,0.01135145965963602,6.8998589515686035,-0.007279920391738415,0.0,0.00019614421762526035,0.3529628813266754,0.0,-0.014044755138456821,0.3525128662586212,0.00011595687828958035,0.4990001618862152,14.34493637084961,14.299966812133789
0.0,-0.004080852493643761,7.40565824508667,0.0,0.011010886169970036,6.906886577606201,-0.007237807847559452,0.0,0.002287892624735832,0.35095110535621643,0.0,-0.019988922402262688,0.35024118423461914,0.004095279611647129,0.4989999234676361,14.342519760131836,14.297752380371094
0.0,-0.003995569422841072,7.412010192871094,0.0,0.010572603903710842,6.913222789764404,-0.0071199024096131325,0.0,0.0042566535994410515,0.35200345516204834,0.0,-0.02478364109992981,0.31570595502853394,0.007695252075791359,0.49900010228157043,14.345560073852539,14.305060386657715
0.0,-0.003870519809424877,7.418323040008545,0.0,0.010020656511187553,6.919516563415527,-0.00693071074783802,0.0,0.006178353913128376,0.35307133197784424,0.0,-0.029420459643006325,0.28127002716064453,0.011223932728171349,0.49899986386299133,14.346808433532715,14.307110786437988
0.0,-0.0037072869017720222,7.424598217010498,0.0,0.009361163713037968,6.925769329071045,-0.006668304558843374,0.0,0.00819314643740654,0.34823235869407654,0.0,-0.03557280823588371,0.3115784525871277,0.015016674995422363,0.49900004267692566,14.354211807250977,14.311543464660645
0.0,-0.0035232705995440483,7.431482315063477,0.0,0.008583052083849907,6.932629108428955,-0.006334889214485884,0.0,0.010107297450304031,0.3433631360530853,0.0,-0.04132513329386711,0.3419291377067566,0.01832486502826214,0.49900007247924805,14.349679946899414,14.31246280670166
0.0,-0.0033035995438694954,7.438323497772217,0.0,0.007710866630077362,6.9394450187683105,-0.005934820044785738,0.0,0.01182631403207779,0.34133630990982056,0.0,-0.04582269489765167,0.3396385908126831,0.021682053804397583,0.49900004267692566,14.337779998779297,14.30001163482666
0.0,-0.0030507557094097137,7.445118427276611,0.0,0.0067531391978263855,6.94621467590332,-0.005468579474836588,0.0,0.01341172680258751,0.3392857611179352,0.0,-0.04987168312072754,0.33732348680496216,0.024942008778452873,0.49900007247924805,14.335439682006836,14.298765182495117
0.0,-0.002767615020275116,7.4518656730651855,0.0,0.005719282664358616,6.952938079833984,-0.004945044405758381,0.0,0.014846269972622395,0.33722352981567383,0.0,-0.05342870205640793,0.3349958658218384,0.02741147391498089,0.49899977445602417,14.330087661743164,14.302306175231934
0.0,-0.002448616549372673,7.457938194274902,0.0,0.0046301838010549545,6.958988189697266,-0.004377464298158884,0.0,0.016066785901784897,0.33811554312705994,0.0,-0.055923085659742355,0.3013746440410614,0.029346542432904243,0.49900022149086,14.330867767333984,14.309098243713379
0.0,-0.002115136943757534,7.464614391326904,0.0,0.003476847428828478,6.965645790100098,-0.0037709460593760014,0.0,0.01720258966088295,0.3330152630805969,0.0,-0.058850593864917755,0.33172017335891724,0.031305260956287384,0.4989999234676361,14.326276779174805,14.304241180419922
0.0,-0.0017565430607646704,7.47059440612793,0.0,0.0022873368579894304,6.971611022949219,-0.0031300813425332308,0.0,0.01807504892349243,0.33398428559303284,0.0,-0.060362305492162704,0.2971114218235016,0.0327812097966671,0.4989997446537018,14.327242851257324,14.310638427734375
0.0,-0.0013840962201356888,7.476541519165039,0.0,0.001066288910806179,6.977547645568848,-0.0024641226045787334,0.0,0.01878657564520836,0.331950843334198,0.0,-0.0616324208676815,0.2957225739955902,0.033814653754234314,0.4989998936653137,14.329681396484375,14.318055152893066
0.0,-0.0010017371969297528,7.482449054718018,0.0,-0.0001738367136567831,6.983449935913086,-0.0017887400463223457,0.0,0.019297316670417786,0.3300609290599823,0.0,-0.06227269023656845,0.29405510425567627,0.0337236113846302,0.49899980425834656,14.331277847290039,14.33230209350586
0.0,-0.0006135182338766754,7.488319396972656,0.0,-0.0014204075559973717,6.989320278167725,-0.0011104345321655273,0.0,0.01960589922964573,0.3283096253871918,0.0,-0.06227751821279526,0.29253849387168884,0.03410694748163223,0.49899977445602417,14.34422779083252,14.33991527557373
0.0,-0.00022349203936755657,7.49415397644043,0.0,-0.0026606835890561342,6.995160102844238,-0.00042787339771166444,0.0,0.019710689783096313,0.326437771320343,0.0,-0.06164516136050224,0.2909552752971649,0.0341491624712944,0.49899983406066895,14.333745002746582,14.333270072937012
0.0,0.00016429414972662926,7.499951362609863,0.0,-0.0038819611072540283,7.000967979431152,0.0002591050579212606,0.0,0.01961165852844715,0.32458463311195374,0.0,-0.06038054823875427,0.28936314582824707,0.03454868867993355,0.49899977445602417,14.33696174621582,14.332467079162598
0.0,0.0005458234809339046,7.505711555480957,0.0,-0.005071708001196384,7.00674295425415,0.0009473966783843935,0.0,0.019309064373373985,0.3226076066493988,0.0,-0.058496277779340744,0.28765806555747986,0.03428047150373459,0.49900022149086,14.324137687683105,14.327155113220215
0.0,0.000926546286791563,7.512078285217285,0.0,-0.006210424937307835,7.013129234313965,0.0016258556861430407,0.0,0.01877189427614212,0.317606121301651,0.0,-0.0556461475789547,0.3182081878185272,0.03356542810797691,0.49900007247924805,14.319076538085938,14.327120780944824
0.0,0.0012950822710990906,7.518396377563477,0.0,-0.007293707691133022,7.01947021484375,0.0022831710521131754,0.0,0.018073670566082,0.3155670762062073,0.0,-0.05258813872933388,0.3158987760543823,0.03216611221432686,0.49900007247924805,14.309837341308594,14.325579643249512
0.0,0.0016475850716233253,7.524665832519531,0.0,-0.008310295641422272,7.0257649421691895,0.002907763235270977,0.0,0.0171886645257473,0.31349503993988037,0.0,-0.04898199811577797,0.31355541944503784,0.030293095856904984,0.4990002512931824,14.304757118225098,14.325828552246094
0.0,0.0019809138029813766,7.530909061431885,0.0,-0.009249105118215084,7.0320353507995605,0.0034958417527377605,0.0,0.016125552356243134,0.3112882077693939,0.0,-0.04483966529369354,0.3123360872268677,0.028514768928289413,0.49900007247924805,14.30323600769043,14.3232421875
0.0,0.002291204407811165,7.537103176116943,0.0,-0.010100748389959335,7.038257122039795,0.00404481403529644,0.0,0.01490075048059225,0.3090771436691284,0.0,-0.04024948924779892,0.30985185503959656,0.026382436975836754,0.4989999234676361,14.293085098266602,14.317073822021484
0.0,0.0025578057393431664,7.542603492736816,0.0,-0.010872256010770798,7.043784141540527,0.004545983858406544,0.0,0.01359857153147459,0.3099396228790283,0.0,-0.03603160381317139,0.275149941444397,0.023734528571367264,0.49900010228157043,14.296319007873535,14.3261079788208
0.0,0.002813166007399559,7.548717975616455,0.0,-0.011521702632308006,7.049923896789551,0.004993376322090626,0.0,0.012004192918539047,0.30474767088890076,0.0,-0.029744043946266174,0.30578309297561646,0.021004730835556984,0.49900001287460327,14.29555606842041,14.326266288757324
0.0,0.0030173389241099358,7.554141044616699,0.0,-0.012078419327735901,7.0553693771362305,0.00538533553481102,0.0,0.010459113866090775,0.30560410022735596,0.0,-0.02495010942220688,0.271075040102005,0.018191179260611534,0.49900004267692566,14.295001983642578,14.326654434204102
0.0,0.0032075000926852226,7.560170650482178,0.0,-0.012498217634856701,7.061418056488037,0.005719812121242285,0.0,0.008634981699287891,0.3004709482192993,0.0,-0.017975542694330215,0.3012338876724243,0.015256490558385849,0.49899980425834656,14.295465469360352,14.32848072052002
0.0,0.0033410927280783653,7.565511703491211,0.0,-0.012816381640732288,7.066773414611816,0.005995024461299181,0.0,0.006911520846188068,0.3014504611492157,0.0,-0.012793853878974915,0.2666255235671997,0.012264749966561794,0.4989999532699585,14.302982330322266,14.336639404296875
0.0,0.0034159114584326744,7.5701680183410645,0.0,-0.013030105270445347,7.071439266204834,0.0062122349627316,0.0,0.005222800187766552,0.30558040738105774,0.0,-0.008562333881855011,0.1998843252658844,0.009456285275518894,0.49899983406066895,14.31585693359375,14.347452163696289
0.0,0.0034521538764238358,7.5747880935668945,0.0,-0.01311592198908329,7.07606315612793,0.006364862434566021,0.0,0.003291312837973237,0.30384406447410583,0.0,-0.0021445327438414097,0.19782429933547974,0.005806467495858669,0.49900004267692566,14.319425582885742,14.360486030578613
0.0,0.0034709814935922623,7.580021381378174,0.0,-0.013051247224211693,7.081295013427734,0.006440088152885437,0.0,0.001331224455498159,0.30221933126449585,0.0,0.004310718737542629,0.19586268067359924,0.0017160940915346146,0.4989999830722809,14.325104713439941,14.371121406555176
0.0,0.003429686650633812,7.5845746994018555,0.0,-0.012879345566034317,7.085841178894043,0.0064328135922551155,0.0,-0.0006321341497823596,0.3006279170513153,0.0,0.010720252059400082,0.1939726173877716,-0.00244353711605072,0.49900010228157043,14.327417373657227,14.374213218688965
0.0,0.0033916737884283066,7.590391635894775,0.0,-0.012538259848952293,7.091646194458008,0.006341487169265747,0.0,-0.002868466777727008,0.29010075330734253,0.0,0.02018599957227707,0.28933513164520264,-0.0066891261376440525,0.49899977445602417,14.331594467163086,14.37935733795166
0.0,0.0032952930778265,7.595529556274414,0.0,-0.01209380105137825,7.096766948699951,0.00616882462054491,0.0,-0.00466986745595932,0.29156503081321716,0.0,0.025259463116526604,0.25512129068374634,-0.010577150620520115,0.4989999532699585,14.333163261413574,14.376903533935547
0.0,0.0031435294076800346,7.5999884605407715,0.0,-0.011549028567969799,7.101204872131348,0.005923337768763304,0.0,-0.006319120991975069,0.2960462272167206,0.0,0.029170149937272072,0.18860411643981934,-0.013971553184092045,0.4989999234676361,14.337669372558594,14.375856399536133
0.0,0.0029763085767626762,7.60506534576416,0.0,-0.010871170088648796,7.106257438659668,0.005614272318780422,0.0,-0.00824001431465149,0.28858089447021484,0.0,0.0366494357585907,0.2517508864402771,-0.01693497970700264,0.49900007247924805,14.344075202941895,14.377413749694824
0.0,0.0027932170778512955,7.610759258270264,0.0,-0.010067387484014034,7.11192512512207,0.005248093977570534,0.0,-0.009961942210793495,0.28403544425964355,0.0,0.04276128113269806,0.2824806272983551,-0.019682833924889565,0.49899986386299133,14.33974838256836,14.370661735534668
0.0,0.0025633443146944046,7.61577033996582,0.0,-0.00918017141520977,7.116908550262451,0.004826257936656475,0.0,-0.011400710791349411,0.2854519784450531,0.0,0.04672270268201828,0.24822765588760376,-0.022500794380903244,0.4989999830722809,14.335618019104004,14.36732006072998
0.0,0.0023063216358423233,7.620752334594727,0.0,-0.008201343938708305,7.121862888336182,0.004351033829152584,0.0,-0.01277984119951725,0.2838490605354309,0.0,0.05107017606496811,0.24678854644298553,-0.02502163127064705,0.49900010228157043,14.338534355163574,14.366893768310547
0.0,0.0020368616096675396,7.626349449157715,0.0,-0.007126955781131983,7.127433776855469,0.003830759786069393,0.0,-0.014069187454879284,0.27925553917884827,0.0,0.05559324473142624,0.2776140868663788,-0.02700578235089779,0.49899983406066895,14.341306686401367,14.363628387451172
0.0,0.0017345543019473553,7.631259441375732,0.0,-0.005993136670440435,7.132319450378418,0.00327904149889946,0.0,-0.015074996277689934,0.2806367874145508,0.0,0.05829017609357834,0.2433326244354248,-0.028166044503450394,0.49899983406066895,14.342290878295898,14.35534381866455
0.0,0.001414990983903408,7.636143207550049,0.0,-0.0047989594750106335,7.137181758880615,0.002705088583752513,0.0,-0.01596410758793354,0.2789841294288635,0.0,0.061018265783786774,0.24217131733894348,-0.029229242354631424,0.4990001320838928,14.345024108886719,14.356985092163086
0.0,0.0010875184088945389,7.641640663146973,0.0,-0.0035482575185596943,7.142662048339844,0.002110182773321867,0.0,-0.01670980453491211,0.2743084132671356,0.0,0.0635409727692604,0.2730640172958374,-0.03026133030653,0.4990001320838928,14.341456413269043,14.353067398071289
0.0,0.0007477025501430035,7.647094249725342,0.0,-0.002261493355035782,7.1481032371521,0.0014939953107386827,0.0,-0.017230957746505737,0.2725967466831207,0.0,0.06503000855445862,0.2710720896720886,-0.03135741874575615,0.49900007247924805,14.33562183380127,14.347952842712402
0.0,0.0003994432045146823,7.65252161026001,0.0,-0.0009512125980108976,7.1535234451293945,0.0008616360719315708,0.0,-0.017560552805662155,0.27080103754997253,0.0,0.06588488817214966,0.27002447843551636,-0.031878504902124405,0.4989999830722809,14.339073181152344,14.344935417175293
0.0,4.719346179626882e-05,7.657257080078125,0.0,0.00036782247480005026,7.158257007598877,0.00022522389190271497,0.0,-0.01768646202981472,0.2721528112888336,0.0,0.06599774211645126,0.23571905493736267,-0.031762707978487015,0.4990001618862152,14.347240447998047,14.345937728881836
0.0,-0.00030618649907410145,7.662615776062012,0.0,0.0016839287709444761,7.1636199951171875,-0.0004041997599415481,0.0,-0.01762356609106064,0.26742658019065857,0.0,0.06552610546350479,0.26720020174980164,-0.031179653480648994,0.4989997446537018,14.350767135620117,14.344207763671875
0.0,-0.0006514042615890503,7.66728401184082,0.0,0.002987134736031294,7.168297290802002,-0.001019769348204136,0.0,-0.017382321879267693,0.26880502700805664,0.0,0.06455828994512558,0.232916921377182,-0.03037729486823082,0.4989999830722809,14.353043556213379,14.344017028808594
0.0,-0.0009874305687844753,7.671929836273193,0.0,0.004261873196810484,7.172957420349121,-0.0016139951767399907,0.0,-0.016940662637352943,0.26718491315841675,0.0,0.06281814724206924,0.23210245370864868,-0.029045287519693375,0.49900001287460327,14.362808227539062,14.347823143005371
0.0,-0.0013105850666761398,7.676544666290283,0.0,0.005495641380548477,7.177590847015381,-0.0021803872659802437,0.0,-0.016318516805768013,0.2656289041042328,0.0,0.060462456196546555,0.23078346252441406,-0.02759392186999321,0.49900022149086,14.364664077758789,14.348336219787598
0.0,-0.0016283877193927765,7.68177604675293,0.0,0.006667456589639187,7.182845115661621,-0.002719556912779808,0.0,-0.01548303384333849,0.26103007793426514,0.0,0.057070475071668625,0.2617919147014618,-0.02632303349673748,0.4989998936653137,14.360326766967773,14.346029281616211
0.0,-0.0019157221540808678,7.686319828033447,0.0,0.007785472087562084,7.187414169311523,-0.003233980154618621,0.0,-0.014574895612895489,0.26241305470466614,0.0,0.054101329296827316,0.2275133579969406,-0.02511928416788578,0.4989999532699585,14.355695724487305,14.342153549194336
0.0,-0.002180621027946472,7.690839767456055,0.0,0.00882767979055643,7.191961288452148,-0.0037196811754256487,0.0,-0.013459892943501472,0.26076215505599976,0.0,0.050049349665641785,0.22641615569591522,-0.02345081977546215,0.4989998936653137,14.360928535461426,14.342158317565918
0.0,-0.0024200696498155594,7.695328235626221,0.0,0.009784051217138767,7.19647741317749,-0.00416905852034688,0.0,-0.012200846336781979,0.2591642439365387,0.0,0.04551692306995392,0.2248786836862564,-0.021486928686499596,0.49900007247924805,14.363445281982422,14.341351509094238
0.0,-0.0026488574221730232,7.700431823730469,0.0,0.010629452764987946,7.201608657836914,-0.004576965235173702,0.0,-0.010736964643001556,0.2544729709625244,0.0,0.03975236043334007,0.2555854916572571,-0.019303735345602036,0.49899986386299133,14.357423782348633,14.332862854003906
0.0,-0.00282994844019413,7.704850673675537,0.0,0.011388762854039669,7.206053256988525,-0.00493945088237524,0.0,-0.009308635257184505,0.2557886838912964,0.0,0.03525576740503311,0.22125202417373657,-0.01694481074810028,0.49900004267692566,14.357409477233887,14.33087158203125
0.0,-0.0029983939602971077,7.709887504577637,0.0,0.01201875600963831,7.211113452911377,-0.005247705616056919,0.0,-0.007611225824803114,0.25106874108314514,0.0,0.02862515300512314,0.2520315945148468,-0.013880675658583641,0.49900007247924805,14.360950469970703,14.326478958129883
0.0,-0.0031336862593889236,7.714888095855713,0.0,0.01253189705312252,7.216134071350098,-0.005491068121045828,0.0,-0.005915680900216103,0.2493463009595871,0.0,0.02264684997498989,0.2500305771827698,-0.010455586016178131,0.4989999830722809,14.360452651977539,14.321920394897461
0.0,-0.00321330688893795,7.719205856323242,0.0,0.012943476438522339,7.220467567443848,-0.005668020341545343,0.0,-0.00424897950142622,0.25063541531562805,0.0,0.017462437972426414,0.21567502617835999,-0.007239626720547676,0.4989999234676361,14.360357284545898,14.324177742004395
0.0,-0.0032354583963751793,7.722846508026123,0.0,0.013250407762825489,7.224118709564209,-0.005780771840363741,0.0,-0.002638128586113453,0.25494885444641113,0.0,0.013216759078204632,0.14921259880065918,-0.004035535268485546,0.4990001916885376,14.363775253295898,14.327729225158691
0.0,-0.003242325037717819,7.7271013259887695,0.0,0.01340758427977562,7.228379249572754,-0.00582625949755311,0.0,-0.0007071670843288302,0.25036126375198364,0.0,0.005701554007828236,0.17971596121788025,-0.0005132129881531,0.4989999234676361,14.3707914352417,14.331165313720703
0.0,-0.003212430514395237,7.731325626373291,0.0,0.013435029424726963,7.232603549957275,-0.005801165942102671,0.0,0.0012325476855039597,0.24589915573596954,0.0,-0.0018761074170470238,0.21034514904022217,0.0030225878581404686,0.49899983406066895,14.380121231079102,14.340343475341797
0.0,-0.003124665468931198,7.734872817993164,0.0,0.013354333117604256,7.23614501953125,-0.00570999039337039,0.0,0.002857485320419073,0.2505350112915039,0.0,-0.006183106452226639,0.14383083581924438,0.006094945129007101,0.4989999830722809,14.384475708007812,14.3499116897583
0.0,-0.00302260834723711,7.739041805267334,0.0,0.013123882003128529,7.240303039550781,-0.005554492585361004,0.0,0.004846617579460144,0.24327878654003143,0.0,-0.01469801552593708,0.20713655650615692,0.009454846382141113,0.49900007247924805,14.394744873046875,14.356945991516113
0.0,-0.0029062526300549507,7.743834018707275,0.0,0.012746480293571949,7.245079517364502,-0.005336165893822908,0.0,0.0066794585436582565,0.23898270726203918,0.0,-0.021958962082862854,0.23803460597991943,0.012377837672829628,0.49900004267692566,14.389534950256348,14.356651306152344
0.0,-0.0027558673173189163,7.748598098754883,0.0,0.012247046455740929,7.249823570251465,-0.005061983596533537,0.0,0.00834089145064354,0.23759208619594574,0.0,-0.027942201122641563,0.23636633157730103,0.015040411613881588,0.49900010228157043,14.38062858581543,14.350674629211426
0.0,-0.0025730645284056664,7.753331661224365,0.0,0.01163069624453783,7.254533767700195,-0.004739503841847181,0.0,0.009912030771374702,0.23614977300167084,0.0,-0.03364087641239166,0.23464682698249817,0.017207583412528038,0.49900007247924805,14.374011039733887,14.349630355834961
0.0,-0.0023597870022058487,7.75803279876709,0.0,0.010903690941631794,7.259209156036377,-0.004376010969281197,0.0,0.011378293856978416,0.23465873301029205,0.0,-0.0389985591173172,0.23287901282310486,0.019141720607876778,0.4989999532699585,14.369086265563965,14.34732723236084
0.0,-0.0021025538444519043,7.762052536010742,0.0,0.010090602561831474,7.2632012367248535,-0.003974204882979393,0.0,0.01264712680131197,0.23618534207344055,0.0,-0.043102364987134933,0.19872036576271057,0.021038897335529327,0.49900028109550476,14.370102882385254,14.348759651184082
0.0,-0.0018356386572122574,7.766696929931641,0.0,0.009166397154331207,7.267818450927734,-0.003533358220010996,0.0,0.013939996249973774,0.23164644837379456,0.0,-0.04843366891145706,0.22998642921447754,0.023045767098665237,0.49899977445602417,14.370176315307617,14.347599029541016
0.0,-0.0015332233160734177,7.770658016204834,0.0,0.008170796558260918,7.27175235748291,-0.003052367363125086,0.0,0.014948714524507523,0.2331269532442093,0.0,-0.051756564527750015,0.1957908272743225,0.025053314864635468,0.49900001287460327,14.36733341217041,14.344748497009277
0.0,-0.0012129037640988827,7.774592876434326,0.0,0.0070994081906974316,7.275661945343018,-0.0025373816024512053,0.0,0.015870004892349243,0.23157574236392975,0.0,-0.05528075248003006,0.19458545744419098,0.026445254683494568,0.4990001618862152,14.365397453308105,14.349738121032715
0.0,-0.0008865911513566971,7.779143810272217,0.0,0.0059523871168494225,7.280190467834473,-0.001999314408749342,0.0,0.016676628962159157,0.22696883976459503,0.0,-0.058779917657375336,0.22549977898597717,0.027361460030078888,0.49900022149086,14.357190132141113,14.346882820129395
0.0,-0.0005467724986374378,7.783653736114502,0.0,0.004752135835587978,7.284681797027588,-0.0014458460500463843,0.0,0.017262060195207596,0.22535890340805054,0.0,-0.06114532798528671,0.22361646592617035,0.027985375374555588,0.49900007247924805,14.352840423583984,14.345821380615234
0.0,-0.00019696447998285294,7.788122177124023,0.0,0.0035106423310935497,7.289135932922363,-0.0008806936675682664,0.0,0.017672138288617134,0.22378937900066376,0.0,-0.06290079653263092,0.2217738926410675,0.028529860079288483,0.49900001287460327,14.355365753173828,14.34924030303955
0.0,0.00016163592226803303,7.791926860809326,0.0,0.002244907896965742,7.292931079864502,-0.0003048126818612218,0.0,0.017881443724036217,0.22509178519248962,0.0,-0.06379815191030502,0.1888296753168106,0.029058238491415977,0.4990001320838928,14.354734420776367,14.348790168762207
0.0,0.0005203144391998649,7.796346664428711,0.0,0.0009602154605090618,7.297347068786621,0.00027553230756893754,0.0,0.017942775040864944,0.22050966322422028,0.0,-0.0644272193312645,0.2198963761329651,0.028976265341043472,0.49899977445602417,14.354165077209473,14.355087280273438
0.0,0.0008763342630118132,7.80007791519165,0.0,-0.00032733334228396416,7.301079273223877,0.0008523789001628757,0.0,0.017806248739361763,0.22203148901462555,0.0,-0.0642494261264801,0.18573817610740662,0.028708389028906822,0.49900007247924805,14.357481002807617,14.360494613647461
0.0,0.0012294301996007562,7.804436683654785,0.0,-0.0016038949834182858,7.305444717407227,0.0014219020958989859,0.0,0.01748381368815899,0.21746832132339478,0.0,-0.06338153779506683,0.21739576756954193,0.028243929147720337,0.49900001287460327,14.356993675231934,14.362218856811523
0.0,0.0015683812089264393,7.808107376098633,0.0,-0.0028620767407119274,7.309126853942871,0.0019763801246881485,0.0,0.017007865011692047,0.21898280084133148,0.0,-0.0621488131582737,0.18323267996311188,0.027203872799873352,0.4990001916885376,14.352630615234375,14.364331245422363
0.0,0.0019015599973499775,7.812405586242676,0.0,-0.004079831764101982,7.313441276550293,0.0025057659950107336,0.0,0.01631523296236992,0.21439649164676666,0.0,-0.059822261333465576,0.2148275077342987,0.025734705850481987,0.4990001618862152,14.34941577911377,14.365943908691406
0.0,0.002219619695097208,7.816664218902588,0.0,-0.005251014139503241,7.31771993637085,0.0030039942357689142,0.0,0.015485879965126514,0.2128743678331375,0.0,-0.05719933658838272,0.2130367010831833,0.024088112637400627,0.4990001916885376,14.346607208251953,14.365131378173828
0.0,0.0025193365290760994,7.820883750915527,0.0,-0.0063640279695391655,7.321962833404541,0.0034690387547016144,0.0,0.014501651749014854,0.21135754883289337,0.0,-0.054010357707738876,0.21125152707099915,0.022416342049837112,0.4989999830722809,14.346879005432129,14.365686416625977
0.0,0.0027847811579704285,7.824441909790039,0.0,-0.007418972440063953,7.3255462646484375,0.0038972392212599516,0.0,0.013424147851765156,0.2127661406993866,0.0,-0.050842806696891785,0.17830832302570343,0.020403707399964333,0.4989999830722809,14.347711563110352,14.370353698730469
0.0,0.003009672276675701,7.827322483062744,0.0,-0.008408394642174244,7.328453063964844,0.00427980674430728,0.0,0.012292832136154175,0.21724943816661835,0.0,-0.04802709445357323,0.11205770075321198,0.017853030934929848,0.49900007247924805,14.34407901763916,14.372774124145508
0.0,0.003237718716263771,7.831470966339111,0.0,-0.009278305806219578,7.332627773284912,0.004610144067555666,0.0,0.010706530883908272,0.2068697214126587,0.0,-0.04112402722239494,0.20792831480503082,0.015180707909166813,0.4990001916885376,14.353421211242676,14.383484840393066
0.0,0.0034369993954896927,7.835587501525879,0.0,-0.010050657205283642,7.336770057678223,0.004890650510787964,0.0,0.009224491193890572,0.2055204063653946,0.0,-0.03604796901345253,0.20631320774555206,0.012869933620095253,0.4989997446537018,14.355741500854492,14.38173770904541
0.0,0.00358689296990633,7.839026927947998,0.0,-0.01073538325726986,7.3402323722839355,0.005120960529893637,0.0,0.007735460065305233,0.2073059380054474,0.0,-0.03149280324578285,0.17237593233585358,0.010161074809730053,0.4990001320838928,14.363109588623047,14.393584251403809
0.0,0.003723515197634697,7.8430986404418945,0.0,-0.011289448477327824,7.344324588775635,0.00529410969465971,0.0,0.006006931886076927,0.20302194356918335,0.0,-0.024815592914819717,0.20385368168354034,0.0071538216434419155,0.4989999532699585,14.360596656799316,14.394428253173828
0.0,0.0038064075633883476,7.846495628356934,0.0,-0.0117459362372756,7.347737789154053,0.005405822768807411,0.0,0.004403814673423767,0.20480002462863922,0.0,-0.019821245223283768,0.16991111636161804,0.004017462022602558,0.4990002512931824,14.36019515991211,14.395479202270508
0.0,0.003875354304909706,7.850518703460693,0.0,-0.01206076331436634,7.351773262023926,0.005454503931105137,0.0,0.0025821910239756107,0.20057398080825806,0.0,-0.012652804143726826,0.20103082060813904,0.0008506695739924908,0.4989999830722809,14.361391067504883,14.397017478942871
0.0,0.0038884952664375305,7.85386848449707,0.0,-0.012271992862224579,7.355130195617676,0.005447036121040583,0.0,0.000935471267439425,0.2023782879114151,0.0,-0.007418473716825247,0.16711068153381348,-0.0015974338166415691,0.49900004267692566,14.365984916687012,14.393526077270508
0.0,0.003845599479973316,7.856545925140381,0.0,-0.012378272600471973,7.357809543609619,0.005390604492276907,0.0,-0.0005123711889609694,0.2101849615573883,0.0,-0.004258221946656704,0.06831382215023041,-0.004045706707984209,0.4990001916885376,14.365660667419434,14.393203735351562
0.0,0.003789248876273632,7.8598480224609375,0.0,-0.01233674120157957,7.361108779907227,0.0052786716260015965,0.0,-0.0024317719507962465,0.2030370682477951,0.0,0.004181882366538048,0.1318013072013855,-0.007147564552724361,0.49899986386299133,14.366822242736816,14.401718139648438
0.0,0.003678521141409874,7.862478733062744,0.0,-0.012190286070108414,7.3637309074401855,0.005105514079332352,0.0,-0.004022067412734032,0.20488755404949188,0.0,0.009396960027515888,0.09792855381965637,-0.010168211534619331,0.4990001916885376,14.366156578063965,14.400138854980469
0.0,0.003575899638235569,7.866384506225586,0.0,-0.01187886018306017,7.367623805999756,0.004877293948084116,0.0,-0.0059407614171504974,0.19476786255836487,0.0,0.01861945353448391,0.19397203624248505,-0.012653783895075321,0.49900007247924805,14.373141288757324,14.401103973388672
0.0,0.003441312350332737,7.870266914367676,0.0,-0.011446807533502579,7.37148904800415,0.004600633401423693,0.0,-0.007500363048166037,0.19360296428203583,0.0,0.024548940360546112,0.1925467699766159,-0.015012283809483051,0.49900001287460327,14.369108200073242,14.395641326904297
0.0,0.0032579591497778893,7.873475551605225,0.0,-0.01091794390231371,7.374676704406738,0.004282460547983646,0.0,-0.008883785456418991,0.1954841911792755,0.0,0.029260193929076195,0.1586928367614746,-0.016805022954940796,0.4990002512931824,14.375204086303711,14.39537239074707
0.0,0.0030646175146102905,7.877311706542969,0.0,-0.010259893722832203,7.3784894943237305,0.003928944002836943,0.0,-0.010342583060264587,0.1912796050310135,0.0,0.035561397671699524,0.18990781903266907,-0.01854664459824562,0.4990001320838928,14.371357917785645,14.390951156616211
0.0,0.0028448421508073807,7.881120204925537,0.0,-0.009497889317572117,7.382272720336914,0.003541180631145835,0.0,-0.011603041552007198,0.1900624781847,0.0,0.04057520255446434,0.18843244016170502,-0.02022968977689743,0.4990001618862152,14.369007110595703,14.387941360473633
0.0,0.0026009883731603622,7.884899616241455,0.0,-0.008639608509838581,7.386026382446289,0.0031212992034852505,0.0,-0.01273958757519722,0.1888241171836853,0.0,0.04518119990825653,0.18693646788597107,-0.02175845019519329,0.49899983406066895,14.368292808532715,14.385491371154785
0.0,0.002322746440768242,7.88800048828125,0.0,-0.007708277553319931,7.389101028442383,0.0026743977796286345,0.0,-0.013674217276275158,0.1906031370162964,0.0,0.04860436171293259,0.15300096571445465,-0.02293168194591999,0.49900028109550476,14.371199607849121,14.384398460388184
0.0,0.002039130311459303,7.891734600067139,0.0,-0.006685349624603987,7.392810821533203,0.0022061681374907494,0.0,-0.01459516491740942,0.18623968958854675,0.0,0.05293486639857292,0.18471677601337433,-0.02389129064977169,0.49900004267692566,14.368086814880371,14.37888240814209
0.0,0.0017397296614944935,7.895435333251953,0.0,-0.005594405345618725,7.396489143371582,0.0017226414056494832,0.0,-0.01530377846211195,0.18490572273731232,0.0,0.056069210171699524,0.18312734365463257,-0.024461375549435616,0.49900010228157043,14.366596221923828,14.37300968170166
0.0,0.001427637878805399,7.8991007804870605,0.0,-0.004446296952664852,7.400135517120361,0.0012297576759010553,0.0,-0.015856796875596046,0.1835496425628662,0.0,0.05864676833152771,0.18151631951332092,-0.02482699230313301,0.49899983406066895,14.366105079650879,14.370218276977539
0.0,0.0011007452849298716,7.902103424072266,0.0,-0.0032597908284515142,7.403122425079346,0.0007322870078496635,0.0,-0.016216451302170753,0.1851494014263153,0.0,0.06027481332421303,0.14857444167137146,-0.02492007054388523,0.49900004267692566,14.371330261230469,14.372377395629883
0.0,0.0007732652593404055,7.905727386474609,0.0,-0.0020335540175437927,7.406735420227051,0.00023241393500939012,0.0,-0.01647529937326908,0.18077807128429413,0.0,0.061960771679878235,0.17985351383686066,-0.02506723254919052,0.49899986386299133,14.369353294372559,14.37100887298584
0.0,0.00044134934432804585,7.90866756439209,0.0,-0.0007890829583629966,7.409668922424316,-0.00026879680808633566,0.0,-0.016527488827705383,0.1825665682554245,0.0,0.06256631016731262,0.14592933654785156,-0.0250538382679224,0.4990001618862152,14.378523826599121,14.378373146057129
0.0,0.00011132608051411808,7.912240028381348,0.0,0.00046662637032568455,7.4132399559021,-0.0007713138475082815,0.0,-0.016440197825431824,0.17824694514274597,0.0,0.06281933933496475,0.1777999997138977,-0.025197863578796387,0.4990001916885376,14.37656021118164,14.378180503845215
0.0,-0.00021509954240173101,7.91577672958374,0.0,0.0017195680411532521,7.416780471801758,-0.0012749906163662672,0.0,-0.01618092507123947,0.17695608735084534,0.0,0.062372222542762756,0.1762578785419464,-0.02516980469226837,0.49900001287460327,14.37314510345459,14.37282943725586
0.0,-0.0005299954209476709,7.918647766113281,0.0,0.002959875389933586,7.4196600914001465,-0.00177286216057837,0.0,-0.01576942391693592,0.17860782146453857,0.0,0.061435092240571976,0.14321061968803406,-0.024617351591587067,0.49899986386299133,14.37782096862793,14.37160587310791
0.0,-0.0008326452225446701,7.921493053436279,0.0,0.004172907676547766,7.422518253326416,-0.002257592510432005,0.0,-0.015185884200036526,0.1773744821548462,0.0,0.05977248400449753,0.1421983242034912,-0.02385568432509899,0.4989998936653137,14.38448715209961,14.3759183883667
0.0,-0.0011199722066521645,7.924314498901367,0.0,0.005346810445189476,7.425356388092041,-0.0027202977798879147,0.0,-0.014447085559368134,0.17618145048618317,0.0,0.057526782155036926,0.141209214925766,-0.022414831444621086,0.49900001287460327,14.39118766784668,14.374978065490723
0.0,-0.0013890434056520462,7.927112579345703,0.0,0.006470154970884323,7.4281744956970215,-0.0031503355130553246,0.0,-0.013561094179749489,0.1750442087650299,0.0,0.054721929132938385,0.14024165272712708,-0.02058894746005535,0.4989999830722809,14.397273063659668,14.376731872558594
0.0,-0.0016371356323361397,7.929889678955078,0.0,0.007532038725912571,7.430974006652832,-0.0035469583235681057,0.0,-0.012537472881376743,0.1740458458662033,0.0,0.05138625204563141,0.13935942947864532,-0.019073326140642166,0.4989999234676361,14.405452728271484,14.388401985168457
0.0,-0.0018617324531078339,7.932647228240967,0.0,0.008522193878889084,7.433755397796631,-0.003905726596713066,0.0,-0.01138712652027607,0.17306992411613464,0.0,0.047555770725011826,0.1384764313697815,-0.016803495585918427,0.49899986386299133,14.411222457885742,14.385686874389648
0.0,-0.0020605837926268578,7.935386657714844,0.0,0.009431113488972187,7.436519145965576,-0.004219697788357735,0.0,-0.010122409090399742,0.17219121754169464,0.0,0.04326919838786125,0.13763029873371124,-0.014593599364161491,0.49899983406066895,14.417699813842773,14.392838478088379
0.0,-0.0022317105904221535,7.938109397888184,0.0,0.010250113904476166,7.439265727996826,-0.0044902837835252285,0.0,-0.008757058531045914,0.17135560512542725,0.0,0.038571178913116455,0.13678762316703796,-0.012464998289942741,0.49899980425834656,14.420190811157227,14.396244049072266
0.0,-0.0023734206333756447,7.940816402435303,0.0,0.010971451178193092,7.441994667053223,-0.004716233350336552,0.0,-0.00730504933744669,0.1705278903245926,0.0,0.03351061791181564,0.13591060042381287,-0.010129979811608791,0.4990001916885376,14.421686172485352,14.395417213439941
0.0,-0.002502739429473877,7.944157600402832,0.0,0.011570977047085762,7.4453558921813965,-0.004895603284239769,0.0,-0.005700204987078905,0.16672128438949585,0.0,0.02726822905242443,0.1675446778535843,-0.007806998677551746,0.4990001916885376,14.423751831054688,14.397618293762207
0.0,-0.0026009399443864822,7.947480201721191,0.0,0.012060485780239105,7.448695659637451,-0.005026780068874359,0.0,-0.00411992846056819,0.1658438891172409,0.0,0.021644312888383865,0.16642479598522186,-0.005310660228133202,0.4989999830722809,14.417746543884277,14.389662742614746
0.0,-0.002647334709763527,7.950133323669434,0.0,0.012454541400074959,7.451362133026123,-0.005105122458189726,0.0,-0.00258787558414042,0.1678677201271057,0.0,0.016777321696281433,0.13270241022109985,-0.0025235575158149004,0.4989997446537018,14.411457061767578,14.380102157592773
0.0,-0.002640688791871071,7.952120304107666,0.0,0.012750424444675446,7.453357696533203,-0.005125654861330986,0.0,-0.0011274658609181643,0.1728721261024475,0.0,0.012798154726624489,0.06667648255825043,0.00047030183486640453,0.49900001287460327,14.41191577911377,14.37823486328125
0.0,-0.0026006661355495453,7.954087734222412,0.0,0.012926066294312477,7.455329418182373,-0.005085071548819542,0.0,0.0005215642740949988,0.17193695902824402,0.0,0.006762783974409103,0.06548449397087097,0.0035880114883184433,0.4989999234676361,14.416901588439941,14.381827354431152
0.0,-0.002527756616473198,7.956036567687988,0.0,0.012980370782315731,7.457277774810791,-0.004980520345270634,0.0,0.0021590713877230883,0.17112016677856445,0.0,0.0006921146996319294,0.06436801701784134,0.006867125630378723,0.49899983406066895,14.42626667022705,14.389376640319824
0.0,-0.002422875724732876,7.9579691886901855,0.0,0.01291342917829752,7.45920467376709,-0.004812232218682766,0.0,0.003764722729101777,0.17025157809257507,0.0,-0.005352291278541088,0.06328444182872772,0.009961692616343498,0.49900022149086,14.421929359436035,14.387115478515625
0.0,-0.0023263758048415184,7.961184024810791,0.0,0.012686780653893948,7.462409973144531,-0.004586416762322187,0.0,0.005596148315817118,0.1603342741727829,0.0,-0.014291880652308464,0.15971434116363525,0.012619858607649803,0.4989999532699585,14.418130874633789,14.388226509094238
0.0,-0.0021805409342050552,7.963730812072754,0.0,0.012362360022962093,7.464942932128906,-0.004312831908464432,0.0,0.006991477217525244,0.16247870028018951,0.0,-0.019098177552223206,0.12609419226646423,0.014738626778125763,0.49899983406066895,14.416434288024902,14.392598152160645
0.0,-0.001988530158996582,7.965610504150391,0.0,0.011942833662033081,7.4668049812316895,-0.0039952415972948074,0.0,0.008222922682762146,0.167674720287323,0.0,-0.02281298115849495,0.0600421279668808,0.017020409926772118,0.49900004267692566,14.420616149902344,14.394946098327637
0.0,-0.0018057487905025482,7.968774795532227,0.0,0.011378447525203228,7.469948768615723,-0.0036338355857878923,0.0,0.009782259352505207,0.15786735713481903,0.0,-0.03084983117878437,0.15668128430843353,0.019120188429951668,0.49900022149086,14.423666954040527,14.400044441223145
0.0,-0.0015978524461388588,7.971919536590576,0.0,0.010710976086556911,7.473071575164795,-0.0032320632599294186,0.0,0.010977772064507008,0.15704430639743805,0.0,-0.035840220749378204,0.15562313795089722,0.021057037636637688,0.49899977445602417,14.418560981750488,14.396771430969238
0.0,-0.001352568157017231,7.974394798278809,0.0,0.009963332675397396,7.475522994995117,-0.0027950890362262726,0.0,0.011975383386015892,0.15922078490257263,0.0,-0.039661798626184464,0.12203258275985718,0.022640392184257507,0.49900010228157043,14.415694236755371,14.397881507873535
0.0,-0.0011020181700587273,7.9775071144104,0.0,0.009112301282584667,7.478611469268799,-0.002330391202121973,0.0,0.012981953099370003,0.15529097616672516,0.0,-0.04462219774723053,0.15386833250522614,0.023829391226172447,0.4990001916885376,14.410199165344238,14.396822929382324
0.0,-0.0008340552449226379,7.98059606552124,0.0,0.008181455545127392,7.481677532196045,-0.0018466986948624253,0.0,0.013776140287518501,0.15438003838062286,0.0,-0.048384301364421844,0.15272551774978638,0.024539858102798462,0.4989999830722809,14.40514850616455,14.39715576171875
0.0,-0.0005416925996541977,7.983010768890381,0.0,0.007191912271082401,7.484070777893066,-0.0013533227611333132,0.0,0.014366730116307735,0.15653134882450104,0.0,-0.05107399821281433,0.11911700665950775,0.024797732010483742,0.4989999234676361,14.406380653381348,14.40347957611084
0.0,-0.00024002743884921074,7.985416889190674,0.0,0.006141687277704477,7.486457824707031,-0.0008549962076358497,0.0,0.014859317801892757,0.15560568869113922,0.0,-0.05384809151291847,0.11882267892360687,0.025034921243786812,0.49899986386299133,14.40677261352539,14.404104232788086
0.0,6.790272891521454e-05,7.987805366516113,0.0,0.005041502881795168,7.488830089569092,-0.0003529897076077759,0.0,0.015194397419691086,0.1547357589006424,0.0,-0.056074220687150955,0.11808983981609344,0.025165723636746407,0.49900004267692566,14.407188415527344,14.405716896057129
0.0,0.00037445081397891045,7.990826606750488,0.0,0.0038958925288170576,7.4918389320373535,0.00014963216381147504,0.0,0.015400353819131851,0.15086884796619415,0.0,-0.058064427226781845,0.14992818236351013,0.025096464902162552,0.49900010228157043,14.407334327697754,14.408113479614258
0.0,0.0006829320918768644,7.9938225746154785,0.0,0.002722758101299405,7.494826793670654,0.0006483020260930061,0.0,0.015415837056934834,0.15002888441085815,0.0,-0.05915253236889839,0.1488623470067978,0.024770520627498627,0.4989999532699585,14.404559135437012,14.408226013183594
0.0,0.0009906282648444176,7.996142387390137,0.0,0.0015363363781943917,7.497142791748047,0.0011369315907359123,0.0,0.015259587205946445,0.15220077335834503,0.0,-0.059525154531002045,0.11527568846940994,0.02409243769943714,0.4989998936653137,14.402627944946289,14.410256385803223
0.0,0.0012917197309434414,7.99846076965332,0.0,0.00034562149085104465,7.499461650848389,0.0016071591526269913,0.0,0.014959213323891163,0.15122216939926147,0.0,-0.05944773554801941,0.11538806557655334,0.022930311039090157,0.49900001287460327,14.397873878479004,14.410947799682617
0.0,0.001583161181770265,8.000761032104492,0.0,-0.0008376863552257419,7.501767158508301,0.002049830975010991,0.0,0.014507216401398182,0.15037238597869873,0.0,-0.05878761410713196,0.11475233733654022,0.02133687026798725,0.4989997446537018,14.399478912353516,14.417405128479004
0.0,0.0018620372284203768,8.003045082092285,0.0,-0.002002033870667219,7.5040602684021,0.0024611002299934626,0.0,0.013910922221839428,0.14958523213863373,0.0,-0.057554855942726135,0.11416888236999512,0.019790053367614746,0.49899977445602417,14.40430736541748,14.421709060668945
0.0,0.00212561571970582,8.005313873291016,0.0,-0.0031361132860183716,7.506341457366943,0.002839519875124097,0.0,0.01317866612225771,0.14879298210144043,0.0,-0.055764831602573395,0.11357536911964417,0.018051907420158386,0.4990001618862152,14.402836799621582,14.422390937805176
0.0,0.002380110789090395,8.008216857910156,0.0,-0.004222124814987183,7.509260177612305,0.003183552995324135,0.0,0.012288178317248821,0.14490938186645508,0.0,-0.05309588089585304,0.14541468024253845,0.016351399943232536,0.49900034070014954,14.39710521697998,14.41623592376709
0.0,0.0026161447167396545,8.01109504699707,0.0,-0.005256553180515766,7.512156963348389,0.003490289207547903,0.0,0.011313434690237045,0.14396865665912628,0.0,-0.05026421695947647,0.144257053732872,0.014322235248982906,0.4990001916885376,14.387682914733887,14.410511016845703
0.0,0.0028314702212810516,8.013947486877441,0.0,-0.006229495629668236,7.5150299072265625,0.003757549449801445,0.0,0.010233362205326557,0.14295558631420135,0.0,-0.046952687203884125,0.14302796125411987,0.012403781525790691,0.49899986386299133,14.382989883422852,14.404572486877441
0.0,0.003010750748217106,8.016124725341797,0.0,-0.007143489085137844,7.517228126525879,0.003985292743891478,0.0,0.00911394041031599,0.14492198824882507,0.0,-0.04378531128168106,0.10928058624267578,0.010370547883212566,0.4989999234676361,14.380232810974121,14.403106689453125
0.0,0.0031646518036723137,8.018298149108887,0.0,-0.007977744564414024,7.519423007965088,0.004170749802142382,0.0,0.007855976931750774,0.14378172159194946,0.0,-0.03959822282195091,0.10912973433732986,0.008175146766006947,0.49899956583976746,14.37961196899414,14.40431022644043
0.0,0.003275776281952858,8.01980209350586,0.0,-0.00874002743512392,7.520946979522705,0.0043115452863276005,0.0,0.006670904345810413,0.14879965782165527,0.0,-0.03657695651054382,0.04310018569231033,0.0059043848887085915,0.49899980425834656,14.383131980895996,14.40867805480957
0.0,0.003357670269906521,8.021286964416504,0.0,-0.00940837524831295,7.522449970245361,0.0044065676629543304,0.0,0.005295485258102417,0.14791852235794067,0.0,-0.03177740424871445,0.04209645837545395,0.0035978492815047503,0.49900031089782715,14.39116382598877,14.417112350463867
0.0,0.0034447582438588142,8.024056434631348,0.0,-0.009943113662302494,7.525235652923584,0.0044521139934659,0.0,0.0036428957246243954,0.13814488053321838,0.0,-0.024155132472515106,0.13881316781044006,0.0009568070527166128,0.4990004003047943,14.399796485900879,14.429508209228516
0.0,0.0035031260922551155,8.026809692382812,0.0,-0.010373130440711975,7.5280022621154785,0.00444443104788661,0.0,0.0021975738927721977,0.1374048888683319,0.0,-0.01881472021341324,0.13786350190639496,-0.0017250948585569859,0.4990004003047943,14.398923873901367,14.429095268249512
0.0,0.0035324571654200554,8.029547691345215,0.0,-0.010694604367017746,7.530750274658203,0.004382696468383074,0.0,0.0007444068323820829,0.13666613399982452,0.0,-0.013309760019183159,0.13691608607769012,-0.0044483644887804985,0.4990002512931824,14.398786544799805,14.429423332214355
0.0,0.0035327719524502754,8.032269477844238,0.0,-0.010904795490205288,7.533478736877441,0.004272548481822014,0.0,-0.0007001693593338132,0.13589853048324585,0.0,-0.0076955812983214855,0.13594087958335876,-0.006566454190760851,0.49899962544441223,14.400063514709473,14.4238920211792
0.0,0.0034854914993047714,8.034326553344727,0.0,-0.011020896956324577,7.535537242889404,0.004124287981539965,0.0,-0.002034940756857395,0.1381533443927765,0.0,-0.002968202345073223,0.10243713855743408,-0.008259586989879608,0.4990001916885376,14.403155326843262,14.422203063964844
0.0,0.003429100150242448,8.037020683288574,0.0,-0.01100452896207571,7.538229465484619,0.0039411610923707485,0.0,-0.0034220521338284016,0.1373376101255417,0.0,0.002708225743845105,0.10158456861972809,-0.010053087957203388,0.49900001287460327,14.399389266967773,14.41956615447998
0.0,0.0033489319030195475,8.03981876373291,0.0,-0.010912949219346046,7.539600372314453,0.0037238546647131443,0.0,-0.004672900307923555,0.13950642943382263,0.0,0.00737712811678648,0.06801197677850723,-0.011677555739879608,0.5004216432571411,14.397286415100098,14.41556167602539
0.0,0.0031996164470911026,8.041059494018555,0.0,-0.01067305263131857,7.542252063751221,0.0034731237683445215,0.0,-0.006123066879808903,0.13271230459213257,0.0,0.014734609052538872,0.1321074515581131,-0.013395525515079498,0.49900028109550476,14.402173042297363,14.421500205993652
0.0,0.003064943477511406,8.04370403289795,0.0,-0.010324671864509583,7.544883728027344,0.0031879395246505737,0.0,-0.007328725419938564,0.1318732351064682,0.0,0.02007199078798294,0.13106591999530792,-0.015122905373573303,0.4989999532699585,14.396967887878418,14.416400909423828
0.0,0.00289035402238369,8.045680046081543,0.0,-0.009889062494039536,7.546844005584717,0.002871436532586813,0.0,-0.00836943369358778,0.13405656814575195,0.0,0.02432224527001381,0.09750768542289734,-0.016527391970157623,0.4989997148513794,14.399553298950195,14.415353775024414
0.0,0.0026796674355864525,8.046990394592285,0.0,-0.009369689971208572,7.548136234283447,0.0025287452153861523,0.0,-0.00924641638994217,0.1392643302679062,0.0,0.02756401337683201,0.03156895190477371,-0.017741737887263298,0.4989996552467346,14.40237808227539,14.41603946685791
0.0,0.0024518389254808426,8.048284530639648,0.0,-0.00875603873282671,7.549410820007324,0.0021647042594850063,0.0,-0.010174707509577274,0.1385670304298401,0.0,0.03217263147234917,0.03072085976600647,-0.018662352114915848,0.49899959564208984,14.41224193572998,14.422598838806152
0.0,0.002209315076470375,8.049564361572266,0.0,-0.008054636418819427,7.550670146942139,0.001780626829713583,0.0,-0.010991680435836315,0.1378946155309677,0.0,0.03644052892923355,0.02997790277004242,-0.019745387136936188,0.49899977445602417,14.413655281066895,14.4258394241333
0.0,0.0019666804000735283,8.051482200622559,0.0,-0.007260088808834553,7.552567481994629,0.0013773563550785184,0.0,-0.011807557195425034,0.13129740953445435,0.0,0.041603803634643555,0.09448917955160141,-0.020581653341650963,0.49900001287460327,14.422950744628906,14.432358741760254
0.0,0.0017130500636994839,8.053388595581055,0.0,-0.0063932244665920734,7.554454326629639,0.000963966827839613,0.0,-0.012372931465506554,0.1307900995016098,0.0,0.04500589147210121,0.09399227052927017,-0.020757298916578293,0.49900010228157043,14.431425094604492,14.433401107788086
0.0,0.001460004597902298,8.05593490600586,0.0,-0.005452227778732777,7.55698299407959,0.0005498050013557076,0.0,-0.012856590561568737,0.12718342244625092,0.0,0.04848269745707512,0.1260480433702469,-0.020658880472183228,0.49899977445602417,14.427206993103027,14.42609977722168
0.0,0.0011923029087483883,8.057812690734863,0.0,-0.00446614995598793,7.558844566345215,0.00014026914141140878,0.0,-0.013116435147821903,0.12955942749977112,0.0,0.050494272261857986,0.09265533089637756,-0.020294703543186188,0.4990001916885376,14.423477172851562,14.419380187988281
0.0,0.0009273383766412735,8.060332298278809,0.0,-0.003428288269788027,7.561351299285889,-0.00026222647284157574,0.0,-0.013319691643118858,0.12583519518375397,0.0,0.052831441164016724,0.12491786479949951,-0.019954856485128403,0.49900001287460327,14.421917915344238,14.418094635009766
0.0,0.0006565302610397339,8.062180519104004,0.0,-0.0023620291613042355,7.56318998336792,-0.0006564221112057567,0.0,-0.013328803703188896,0.12816619873046875,0.0,0.053991351276636124,0.09149011969566345,-0.019464710727334023,0.4989996552467346,14.420929908752441,14.41541576385498
0.0,0.00038831355050206184,8.064021110534668,0.0,-0.0012720759259536862,7.565023899078369,-0.0010382801992818713,0.0,-0.013232708908617496,0.12745393812656403,0.0,0.05491144582629204,0.09128234535455704,-0.018721099942922592,0.4989999532699585,14.42456340789795,14.416197776794434
0.0,0.00012528192019090056,8.065848350524902,0.0,-0.0001691061770543456,7.566848278045654,-0.0014071615878492594,0.0,-0.013006744906306267,0.1268332451581955,0.0,0.055295221507549286,0.09083269536495209,-0.018167035654187202,0.4990001618862152,14.428170204162598,14.421936988830566
0.0,-0.00013155944179743528,8.068314552307129,0.0,0.0009365568403154612,7.569315433502197,-0.001761671737767756,0.0,-0.012655611149966717,0.12317420542240143,0.0,0.05516281723976135,0.12294771522283554,-0.017283976078033447,0.4990002512931824,14.428468704223633,14.418534278869629
0.0,-0.00038006086833775043,8.070759773254395,0.0,0.002033868106082082,7.571765422821045,-0.002094018505886197,0.0,-0.012180202640593052,0.12247706204652786,0.0,0.05448058620095253,0.12206524610519409,-0.015950696542859077,0.4990001916885376,14.424704551696777,14.40970516204834
0.0,-0.0006178014446049929,8.073183059692383,0.0,0.003112307284027338,7.574196815490723,-0.0023986324667930603,0.0,-0.01158876158297062,0.1216777116060257,0.0,0.05327756702899933,0.12108142673969269,-0.014510690234601498,0.4990001916885376,14.4177827835083,14.401582717895508
0.0,-0.0008427039720118046,8.075603485107422,0.0,0.004161441698670387,7.5766282081604,-0.0026726091746240854,0.0,-0.01088795904070139,0.12075822800397873,0.0,0.051560286432504654,0.12105949223041534,-0.012886985205113888,0.4990003705024719,14.416728019714355,14.39846134185791
0.0,-0.0010524913668632507,8.07800006866455,0.0,0.005171464290469885,7.579039096832275,-0.002915304619818926,0.0,-0.010087651200592518,0.11990281939506531,0.0,0.04936249926686287,0.12002135068178177,-0.011382553726434708,0.49899977445602417,14.414041519165039,14.397116661071777
0.0,-0.0012354892678558826,8.079724311828613,0.0,0.006140957120805979,7.5807785987854,-0.0031274892389774323,0.0,-0.009233315475285053,0.12206538766622543,0.0,0.047105822712183,0.08646228909492493,-0.009835906326770782,0.4990002512931824,14.414746284484863,14.397346496582031
0.0,-0.0014095762744545937,8.082093238830566,0.0,0.00704292394220829,7.583164691925049,-0.003308578860014677,0.0,-0.00821319967508316,0.11817159503698349,0.0,0.04351365566253662,0.11881590634584427,-0.008273066952824593,0.4990001320838928,14.417996406555176,14.40041446685791
0.0,-0.0015633609145879745,8.084441184997559,0.0,0.007878810167312622,7.585530757904053,-0.003456963924691081,0.0,-0.007166228257119656,0.11733096837997437,0.0,0.040010448545217514,0.11779548227787018,-0.006565438583493233,0.49899977445602417,14.416318893432617,14.39710807800293
0.0,-0.0016818931326270103,8.086118698120117,0.0,0.008653189986944199,7.587225914001465,-0.0035731224343180656,0.0,-0.006113734096288681,0.11954312771558762,0.0,0.036753419786691666,0.08427943289279938,-0.005050410516560078,0.49899980425834656,14.418208122253418,14.401164054870605
0.0,-0.0017621731385588646,8.087137222290039,0.0,0.009360558353364468,7.588261604309082,-0.00365739269182086,0.0,-0.005081063602119684,0.12474113702774048,0.0,0.03394308313727379,0.01877518743276596,-0.0033766059204936028,0.49899959564208984,14.420723915100098,14.401893615722656
0.0,-0.0018168753013014793,8.088141441345215,0.0,0.00998088251799345,7.58928108215332,-0.0037038803566247225,0.0,-0.0038826544769108295,0.12403157353401184,0.0,0.02949848212301731,0.01796908676624298,-0.0012721645180135965,0.49899983406066895,14.428753852844238,14.405078887939453
0.0,-0.0018617678433656693,8.089783668518066,0.0,0.010493042878806591,7.590936183929443,-0.0037063693162053823,0.0,-0.0025089476257562637,0.11739743500947952,0.0,0.02322239801287651,0.08236488699913025,0.0010232662316411734,0.4990004599094391,14.437430381774902,14.411606788635254
0.0,-0.001881258562207222,8.091413497924805,0.0,0.010908772237598896,7.59257698059082,-0.003666942473500967,0.0,-0.0013414054410532117,0.11984296888113022,0.0,0.019130200147628784,0.04909796267747879,0.002919425256550312,0.4990004599094391,14.43766975402832,14.416337966918945
0.0,-0.0018753837794065475,8.093031883239746,0.0,0.011224332265555859,7.594203948974609,-0.0035894932225346565,0.0,-9.728490840643644e-05,0.1192944273352623,0.0,0.014076964929699898,0.04840533435344696,0.004825502634048462,0.4989998936653137,14.439210891723633,14.417767524719238
0.0,-0.0018444014713168144,8.094639778137207,0.0,0.011437137611210346,7.595816612243652,-0.0034759975969791412,0.0,0.001136355334892869,0.11873486638069153,0.0,0.008915228769183159,0.047695502638816833,0.006524059921503067,0.4989999532699585,14.437188148498535,14.418079376220703
0.0,-0.0017888769507408142,8.096237182617188,0.0,0.01154592726379633,7.597414970397949,-0.003328176448121667,0.0,0.002347278408706188,0.11821234971284866,0.0,0.0036987517960369587,0.04699449986219406,0.008258052170276642,0.4990004003047943,14.439937591552734,14.420430183410645
0.0,-0.0017268771771341562,8.098475456237793,0.0,0.011532842181622982,7.59965181350708,-0.0031469936948269606,0.0,0.003604258643463254,0.11471261084079742,0.0,-0.0023939316160976887,0.07891790568828583,0.009860225021839142,0.49899983406066895,14.442126274108887,14.424101829528809
0.0,-0.0016450175317004323,8.100825309753418,0.0,0.011450523510575294,7.600572109222412,-0.0029370132833719254,0.0,0.004653237760066986,0.11729881912469864,0.0,-0.006691272370517254,0.04571583494544029,0.011137809604406357,0.5004245638847351,14.444060325622559,14.4296875
0.0,-0.001501600258052349,8.101621627807617,0.0,0.011231745593249798,7.602784156799316,-0.0027016871608793736,0.0,0.005883252248167992,0.11082148551940918,0.0,-0.01345845591276884,0.11030629277229309,0.012394795194268227,0.4989999532699585,14.443347930908203,14.429206848144531
0.0,-0.0013577556237578392,8.103180885314941,0.0,0.010929842479526997,7.604331970214844,-0.0024418376851826906,0.0,0.00681104464456439,0.1133674681186676,0.0,-0.017534712329506874,0.07707272469997406,0.013590151444077492,0.49900022149086,14.440667152404785,14.42721939086914
0.0,-0.001210613176226616,8.105381965637207,0.0,0.010515592060983181,7.606520175933838,-0.002159751020371914,0.0,0.007814005017280579,0.10986558347940445,0.0,-0.02304939553141594,0.10907677561044693,0.014618509449064732,0.49899959564208984,14.43922233581543,14.427653312683105
0.0,-0.0010313484817743301,8.10692024230957,0.0,0.01002480648458004,7.608043193817139,-0.00185846455860883,0.0,0.008586622774600983,0.11237030476331711,0.0,-0.026751313358545303,0.07581096887588501,0.015510131604969501,0.49899953603744507,14.435953140258789,14.425922393798828
0.0,-0.0008372282609343529,8.108449935913086,0.0,0.009447353892028332,7.609555721282959,-0.0015401815762743354,0.0,0.00933822337538004,0.11190847307443619,0.0,-0.030940581113100052,0.0753265917301178,0.016318168491125107,0.4990001916885376,14.440115928649902,14.431025505065918
0.0,-0.0006424952298402786,8.110620498657227,0.0,0.008775852620601654,7.6117095947265625,-0.0012076332932338119,0.0,0.010052384808659554,0.10837341845035553,0.0,-0.03547876700758934,0.10736345499753952,0.016936657950282097,0.49899980425834656,14.434857368469238,14.427899360656738
0.0,-0.0004247911274433136,8.112126350402832,0.0,0.008042890578508377,7.613198280334473,-0.0008643504697829485,0.0,0.010541750118136406,0.11085102707147598,0.0,-0.03837043419480324,0.07407797127962112,0.017391623929142952,0.4989999234676361,14.431522369384766,14.426403999328613
0.0,-0.00018908781930804253,8.112972259521484,0.0,0.007253927644342184,7.614027500152588,-0.0005166095215827227,0.0,0.010882277972996235,0.11634806543588638,0.0,-0.040453873574733734,0.008529432117938995,0.017382469028234482,0.49900028109550476,14.431075096130371,14.431178092956543
0.0,3.472156822681427e-05,8.115110397338867,0.0,0.006387862376868725,7.616150379180908,-0.000171586376382038,0.0,0.011341515928506851,0.10675480216741562,0.0,-0.04462018981575966,0.10580433905124664,0.01711984910070896,0.4990004599094391,14.428698539733887,14.431653022766113
0.0,0.0002639289014041424,8.117231369018555,0.0,0.00547205051407218,7.618258953094482,0.00016659917309880257,0.0,0.011551721021533012,0.10617651045322418,0.0,-0.046886272728443146,0.10506609827280045,0.01669870689511299,0.49899959564208984,14.423733711242676,14.428471565246582
0.0,0.0005013239569962025,8.118684768676758,0.0,0.004522260744124651,7.619701385498047,0.0004980209050700068,0.0,0.011616609059274197,0.10864793509244919,0.0,-0.04835519939661026,0.07177920639514923,0.016443461179733276,0.49899956583976746,14.427094459533691,14.42996597290039
0.0,0.0007412862032651901,8.119484901428223,0.0,0.0035453345626592636,7.620492458343506,0.0008252175757661462,0.0,0.011558180674910545,0.11407347023487091,0.0,-0.049252234399318695,0.006629198789596558,0.01627620868384838,0.49900031089782715,14.427849769592285,14.429731369018555
0.0,0.0009723543189466,8.121576309204102,0.0,0.002539894310757518,7.622579097747803,0.0011456741485744715,0.0,0.011477640829980373,0.10453058779239655,0.0,-0.05066024512052536,0.10402928292751312,0.01576944813132286,0.4989996552467346,14.431512832641602,14.437213897705078
0.0,0.0011999337002635002,8.123001098632812,0.0,0.0015242191730067134,7.6240010261535645,0.0014526741579174995,0.0,0.011224450543522835,0.10701203346252441,0.0,-0.050928402692079544,0.07075368613004684,0.01493055373430252,0.4990001618862152,14.424570083618164,14.43400764465332
0.0,0.0014211110537871718,8.125070571899414,0.0,0.0005055725341662765,7.626070976257324,0.0017414086032658815,0.0,0.01087412890046835,0.10330511629581451,0.0,-0.050833869725465775,0.10311061143875122,0.013942886143922806,0.4990004301071167,14.416227340698242,14.427338600158691
0.0,0.0016341586597263813,8.127120018005371,0.0,-0.0005059149116277695,7.628124713897705,0.002008097479119897,0.0,0.010417799465358257,0.10261684656143188,0.0,-0.05023504048585892,0.10226904600858688,0.01272599771618843,0.4989998936653137,14.411212921142578,14.42490291595459
0.0,0.0018325294367969036,8.128499031066895,0.0,-0.0015034587122499943,7.629510402679443,0.002252069301903248,0.0,0.00987608078867197,0.10491245985031128,0.0,-0.0493016354739666,0.06884327530860901,0.011671191081404686,0.49899977445602417,14.409893035888672,14.421759605407715
0.0,0.0020172842778265476,8.129875183105469,0.0,-0.002474796026945114,7.630895137786865,0.0024734335020184517,0.0,0.009228326380252838,0.104180246591568,0.0,-0.04776199534535408,0.06884269416332245,0.010465238243341446,0.4990002512931824,14.413578987121582,14.427145957946777
0.0,0.0021940849255770445,8.131888389587402,0.0,-0.0034050752874463797,7.632920265197754,0.0026680524460971355,0.0,0.008468162268400192,0.10048027336597443,0.0,-0.045489098876714706,0.100840263068676,0.008996664546430111,0.49899953603744507,14.411773681640625,14.428295135498047
0.0,0.002346571534872055,8.133234024047852,0.0,-0.004298848565667868,7.634277820587158,0.0028322564903646708,0.0,0.007691542152315378,0.10288150608539581,0.0,-0.043454356491565704,0.06750375032424927,0.0074237375520169735,0.4990004599094391,14.414689064025879,14.432384490966797
0.0,0.0024908725172281265,8.135222434997559,0.0,-0.005131810437887907,7.636280536651611,0.0029667490161955357,0.0,0.006771640386432409,0.09925121068954468,0.0,-0.04021752253174782,0.09977772831916809,0.006025523878633976,0.49900010228157043,14.41861343383789,14.434343338012695
0.0,0.0026169149205088615,8.137195587158203,0.0,-0.00590510293841362,7.63826847076416,0.0030717090703547,0.0,0.005832973401993513,0.09862193465232849,0.0,-0.03705305606126785,0.09900098294019699,0.004470483865588903,0.4989998936653137,14.413739204406738,14.431233406066895
0.0,0.002711317967623472,8.13850212097168,0.0,-0.00662281783297658,7.639589309692383,0.003144875867292285,0.0,0.0048955949023365974,0.10102743655443192,0.0,-0.03410898149013519,0.06567007303237915,0.0028461855836212635,0.49900010228157043,14.414737701416016,14.433011054992676
0.0,0.0027846512384712696,8.139802932739258,0.0,-0.007267794106155634,7.640903949737549,0.0031865094788372517,0.0,0.003926921170204878,0.10340622812509537,0.0,-0.03095954842865467,0.03279256075620651,0.0013171700993552804,0.49900022149086,14.416306495666504,14.433507919311523
0.0,0.002850172109901905,8.141742706298828,0.0,-0.007820467464625835,7.642857074737549,0.003198373131453991,0.0,0.0027462714351713657,0.09676560759544373,0.0,-0.025582095608115196,0.09729480743408203,-0.00013080437202006578,0.4989997148513794,14.41657543182373,14.432865142822266
0.0,0.0028796344995498657,8.14301872253418,0.0,-0.008303535170853138,7.644144058227539,0.003181103616952896,0.0,0.0017319564940407872,0.09917053580284119,0.0,-0.021994447335600853,0.06396554410457611,-0.0015961569733917713,0.4989999830722809,14.415607452392578,14.432092666625977
0.0,0.002871713601052761,8.143631935119629,0.0,-0.008713899180293083,7.644766807556152,0.0031334953382611275,0.0,0.0007811295217834413,0.10458851605653763,0.0,-0.019018281251192093,-0.0018158704042434692,-0.0031646760180592537,0.49899962544441223,14.415581703186035,14.4332275390625
0.0,0.0028411559760570526,8.144233703613281,0.0,-0.009033532813191414,7.6453752517700195,0.0030517438426613808,0.0,-0.0003046696656383574,0.1040777936577797,0.0,-0.014439547434449196,-0.002487853169441223,-0.005010480992496014,0.4989997446537018,14.42076301574707,14.4415283203125
0.0,0.0027884403243660927,8.14482593536377,0.0,-0.009260132908821106,7.645971298217773,0.0029313876293599606,0.0,-0.0013784801121801138,0.10365542024374008,0.0,-0.009760694578289986,-0.003083832561969757,-0.007025150116533041,0.49900010228157043,14.426247596740723,14.448912620544434
0.0,0.002730090171098709,8.146061897277832,0.0,-0.009376504458487034,7.6472086906433105,0.0027761776000261307,0.0,-0.0025012600235641003,0.10029458999633789,0.0,-0.004235334228724241,0.029014721512794495,-0.008495843037962914,0.49900007247924805,14.435297012329102,14.451842308044434
0.0,0.0026511559262871742,8.14729118347168,0.0,-0.009397915564477444,7.648436546325684,0.0025949208065867424,0.0,-0.0035154810175299644,0.099965900182724,0.0,0.0005071980413049459,0.028541438281536102,-0.009629825130105019,0.4990001320838928,14.438279151916504,14.45103645324707
0.0,0.002552623860538006,8.148513793945312,0.0,-0.009324806742370129,7.649655342102051,0.002393990522250533,0.0,-0.00448572589084506,0.099671371281147,0.0,0.005216601770371199,0.028096146881580353,-0.010463209822773933,0.49899980425834656,14.44244384765625,14.45181941986084
0.0,0.002420480363070965,8.149078369140625,0.0,-0.009174041450023651,7.650213241577148,0.002176240785047412,0.0,-0.005331592168658972,0.10246840119361877,0.0,0.009064702317118645,-0.004925072193145752,-0.011311767622828484,0.49899983406066895,14.447432518005371,14.456978797912598
0.0,0.002271718345582485,8.149638175964355,0.0,-0.008932311087846756,7.650763988494873,0.0019417240982875228,0.0,-0.006189375650137663,0.10221068561077118,0.0,0.013565168716013432,-0.0052879005670547485,-0.012139895930886269,0.4989999830722809,14.445460319519043,14.454776763916016
0.0,0.0021218881011009216,8.150845527648926,0.0,-0.008588300086557865,7.651960849761963,0.0016906753880903125,0.0,-0.007113148458302021,0.09601397812366486,0.0,0.019337445497512817,0.05970468744635582,-0.012964972294867039,0.49899962544441223,14.453058242797852,14.462340354919434
0.0,0.001944681629538536,8.151396751403809,0.0,-0.008173883892595768,7.652499675750732,0.0014262328622862697,0.0,-0.0076995352283120155,0.10185077786445618,0.0,0.022064315155148506,-0.005867175757884979,-0.013479278422892094,0.498999685049057,14.451035499572754,14.45682144165039
0.0,0.0017559807747602463,8.151944160461426,0.0,-0.00768005196005106,7.653033256530762,0.0011521654669195414,0.0,-0.008335442282259464,0.10165175050497055,0.0,0.025948798283934593,-0.006134539842605591,-0.013927463442087173,0.4990001320838928,14.45213508605957,14.45717716217041
0.0,0.00158020481467247,8.153792381286621,0.0,-0.007087927311658859,7.654868125915527,0.0008704635547474027,0.0,-0.009053130634129047,0.09239760041236877,0.0,0.031359512358903885,0.09157723188400269,-0.014242727309465408,0.49899953603744507,14.45402717590332,14.457573890686035
0.0,0.001384238712489605,8.15498161315918,0.0,-0.00643913634121418,7.65604305267334,0.0005840907106176019,0.0,-0.009456289932131767,0.09519151598215103,0.0,0.03403133898973465,0.05857648700475693,-0.014394552446901798,0.4989998936653137,14.451234817504883,14.452942848205566
0.0,0.0011724503710865974,8.15551471710205,0.0,-0.005738562438637018,7.656562805175781,0.00029534686473198235,0.0,-0.00972925778478384,0.100938580930233,0.0,0.03596251457929611,-0.006845928728580475,-0.014479831792414188,0.49899977445602417,14.448309898376465,14.44926929473877
0.0,0.0009571411646902561,8.156042098999023,0.0,-0.0049837445840239525,7.657077789306641,3.6622805055230856e-06,0.0,-0.010000900365412235,0.10067331045866013,0.0,0.038549795746803284,-0.007084891200065613,-0.014688623137772083,0.498999685049057,14.449177742004395,14.451526641845703
0.0,0.0007404102943837643,8.156564712524414,0.0,-0.004182284232228994,7.657588958740234,-0.0002908239548560232,0.0,-0.010173951275646687,0.10050048679113388,0.0,0.04075058177113533,-0.0072467029094696045,-0.014760000631213188,0.49900001287460327,14.456672668457031,14.457475662231445
0.0,0.0005293623544275761,8.157736778259277,0.0,-0.0033363907132297754,7.658751487731934,-0.0005855712806805968,0.0,-0.01029976550489664,0.09434086829423904,0.0,0.04312349110841751,0.05801335349678993,-0.014714732766151428,0.4990002512931824,14.462109565734863,14.461600303649902
0.0,0.0003230702131986618,8.159558296203613,0.0,-0.0024550664238631725,7.660566329956055,-0.0008776551112532616,0.0,-0.010287409648299217,0.09113334864377975,0.0,0.04468319192528725,0.0905904546380043,-0.014493649825453758,0.498999685049057,14.458098411560059,14.455611228942871
0.0,0.00011645467020571232,8.16071891784668,0.0,-0.0015555776190012693,7.661721706390381,-0.0011639931472018361,0.0,-0.0101328045129776,0.09390097856521606,0.0,0.045375000685453415,0.05757372826337814,-0.014140154235064983,0.49900001287460327,14.452207565307617,14.448230743408203
0.0,-8.478597737848759e-05,8.161877632141113,0.0,-0.000642943661659956,7.662878036499023,-0.0014394533354789019,0.0,-0.009894553571939468,0.09358308464288712,0.0,0.04581401124596596,0.05761730298399925,-0.013405866920948029,0.4989998936653137,14.45270824432373,14.44444751739502
0.0,-0.00027868454344570637,8.163030624389648,0.0,0.00027407542802393436,7.664031028747559,-0.001696496969088912,0.0,-0.009558594785630703,0.0932973176240921,0.0,0.04581495001912117,0.05745432525873184,-0.012298502959311008,0.4989998936653137,14.455689430236816,14.443231582641602
0.0,-0.0004611348267644644,8.163525581359863,0.0,0.0011882056714966893,7.664527893066406,-0.0019282017601653934,0.0,-0.009143581613898277,0.09897689521312714,0.0,0.045526694506406784,-0.008015163242816925,-0.010871975682675838,0.4990004003047943,14.451986312866211,14.435937881469727
0.0,-0.0006383841391652822,8.16531753540039,0.0,0.0020843702368438244,7.666325092315674,-0.0021303375251591206,0.0,-0.008599162101745605,0.08960744738578796,0.0,0.04434383660554886,0.08966565877199173,-0.009341604076325893,0.49899986386299133,14.45645809173584,14.439241409301758
0.0,-0.0007994638290256262,8.166447639465332,0.0,0.002962751779705286,7.66746187210083,-0.0023032722529023886,0.0,-0.008022719994187355,0.09234635531902313,0.0,0.04324822127819061,0.05662982910871506,-0.007951867766678333,0.4989999532699585,14.456006050109863,14.4403715133667
0.0,-0.0009402884170413017,8.166923522949219,0.0,0.003817162476480007,7.667945861816406,-0.0024488361086696386,0.0,-0.007410348393023014,0.09801054000854492,0.0,0.0421309769153595,-0.008657433092594147,-0.006604516878724098,0.49900034070014954,14.451658248901367,14.436500549316406
0.0,-0.00107956537976861,8.168697357177734,0.0,0.0046211653389036655,7.669729709625244,-0.0025664365384727716,0.0,-0.00659640459343791,0.08863592892885208,0.0,0.039142511785030365,0.08898025751113892,-0.005155525170266628,0.49900022149086,14.45539665222168,14.439095497131348
0.0,-0.001203687395900488,8.170459747314453,0.0,0.005380489397794008,7.67150354385376,-0.002655684482306242,0.0,-0.005814344622194767,0.08817745745182037,0.0,0.03673220053315163,0.08840430527925491,-0.003769264090806246,0.49899962544441223,14.4430513381958,14.42745590209961
0.0,-0.0013018674217164516,8.171558380126953,0.0,0.006096836179494858,7.672613620758057,-0.0027175978757441044,0.0,-0.005025175400078297,0.09072175621986389,0.0,0.03441902622580528,0.0552118644118309,-0.002422082470729947,0.49899962544441223,14.441668510437012,14.426512718200684
0.0,-0.0013714362867176533,8.172001838684082,0.0,0.006765267346054316,7.673068523406982,-0.002752849133685231,0.0,-0.004251099191606045,0.09628366678953171,0.0,0.032382141798734665,-0.010136038064956665,-0.0011030447203665972,0.4989996552467346,14.444229125976562,14.429389953613281
0.0,-0.0014329785481095314,8.173089981079102,0.0,0.007358800619840622,7.674167633056641,-0.0027606142684817314,0.0,-0.0032541900873184204,0.08993376046419144,0.0,0.027993105351924896,0.05473657324910164,0.0003265343839302659,0.49899980425834656,14.454682350158691,14.438599586486816
0.0,-0.0014632418751716614,8.173519134521484,0.0,0.007895262911915779,7.674607276916504,-0.002740398980677128,0.0,-0.002445019083097577,0.09567872434854507,0.0,0.02561744675040245,-0.010857649147510529,0.0016949936980381608,0.49899962544441223,14.455326080322266,14.43993091583252
0.0,-0.0014736326411366463,8.173942565917969,0.0,0.008358309045433998,7.675039768218994,-0.002688956679776311,0.0,-0.0015173658030107617,0.09540338814258575,0.0,0.02188149467110634,-0.01119433343410492,0.003449245821684599,0.4989996552467346,14.458982467651367,14.439247131347656
0.0,-0.0014642924070358276,8.174361228942871,0.0,0.00874421838670969,7.6754655838012695,-0.00260670343413949,0.0,-0.0005878801457583904,0.09520097821950912,0.0,0.017971724271774292,-0.011503241956233978,0.004776082467287779,0.49900007247924805,14.461670875549316,14.446743965148926
0.0,-0.0014630770310759544,8.176081657409668,0.0,0.009023078717291355,7.677191734313965,-0.0025017568841576576,0.0,0.0005215732380747795,0.08594080805778503,0.0,0.01190074160695076,0.08616438508033752,0.005718566942960024,0.49900010228157043,14.460460662841797,14.449857711791992
0.0,-0.0014435183256864548,8.177797317504883,0.0,0.009219667874276638,7.678911209106445,-0.0023772171698510647,0.0,0.001428802846930921,0.08567872643470764,0.0,0.0077465795911848545,0.0857916921377182,0.006735395640134811,0.49900004267692566,14.455493927001953,14.44405460357666
0.0,-0.0013920152559876442,8.178854942321777,0.0,0.009346647188067436,7.679970741271973,-0.0022324163001030684,0.0,0.0021818161476403475,0.09145352989435196,0.0,0.004946383647620678,0.020139172673225403,0.007744679693132639,0.49899977445602417,14.454937934875488,14.443583488464355
0.0,-0.0013232100754976273,8.17990779876709,0.0,0.009389367885887623,7.681022644042969,-0.0020688497461378574,0.0,0.0030327457934617996,0.0911620557308197,0.0,0.0007311867084354162,0.01976880431175232,0.008611972443759441,0.4990001320838928,14.45267391204834,14.442916870117188
0.0,-0.0012517711147665977,8.181607246398926,0.0,0.00933405663818121,7.6827192306518555,-0.0018883993616327643,0.0,0.003973493818193674,0.08480039983987808,0.0,-0.004852537531405687,0.0846097394824028,0.009433064609766006,0.49900031089782715,14.45024299621582,14.44100570678711
0.0,-0.0011645713821053505,8.18329906463623,0.0,0.009195747785270214,7.684406280517578,-0.001691335579380393,0.0,0.0047373091802001,0.08438777923583984,0.0,-0.008963578380644321,0.08408953249454498,0.010273315012454987,0.49900034070014954,14.443397521972656,14.433944702148438
0.0,-0.0010626111179590225,8.184981346130371,0.0,0.00897623784840107,7.686082363128662,-0.0014830336440354586,0.0,0.005447485484182835,0.08393663167953491,0.0,-0.012966422364115715,0.08353152126073837,0.010556873865425587,0.4989999532699585,14.437424659729004,14.434234619140625
0.0,-0.0009344881400465965,8.186002731323242,0.0,0.00869117770344019,7.6870951652526855,-0.0012689766008406878,0.0,0.006038341671228409,0.08648823201656342,0.0,-0.016168605536222458,0.050353698432445526,0.010848825797438622,0.4990004003047943,14.436278343200684,14.43299388885498
0.0,-0.000806550495326519,8.187665939331055,0.0,0.008318089880049229,7.68874979019165,-0.0010513634188100696,0.0,0.006685368716716766,0.08296675235033035,0.0,-0.020477190613746643,0.08241957426071167,0.010912489145994186,0.49899956583976746,14.432829856872559,14.432113647460938
0.0,-0.0006563859060406685,8.188666343688965,0.0,0.00788543839007616,7.68973970413208,-0.0008337214239872992,0.0,0.0071524567902088165,0.08544743061065674,0.0,-0.023345913738012314,0.04918469861149788,0.010851708240807056,0.4989997446537018,14.429143905639648,14.429827690124512
0.0,-0.00048715248703956604,8.189004898071289,0.0,0.007396590895950794,7.690067291259766,-0.0006172425346449018,0.0,0.007506463211029768,0.09097936004400253,0.0,-0.025494109839200974,-0.016512922942638397,0.010796182788908482,0.4989998936653137,14.43223762512207,14.432862281799316
0.0,-0.0003209393471479416,8.189986228942871,0.0,0.006836088374257088,7.691037654876709,-0.000398657051846385,0.0,0.007984050549566746,0.08455732464790344,0.0,-0.02947736531496048,0.048266034573316574,0.011062364093959332,0.4989998936653137,14.442631721496582,14.439637184143066
0.0,-0.0001489357091486454,8.190959930419922,0.0,0.006219448056071997,7.692000389099121,-0.00017766492965165526,0.0,0.008291668258607388,0.0842110738158226,0.0,-0.03213377296924591,0.04791629686951637,0.011036847718060017,0.4990001916885376,14.444051742553711,14.44433879852295
0.0,2.7291476726531982e-05,8.191926002502441,0.0,0.005552309099584818,7.692956924438477,4.211411578580737e-05,0.0,0.008488863706588745,0.08690344542264938,0.0,-0.03410720080137253,0.014977410435676575,0.010941056534647942,0.4989996552467346,14.44507884979248,14.44615650177002
0.0,0.00020603276789188385,8.192886352539062,0.0,0.004842378664761782,7.693907737731934,0.00026429217541590333,0.0,0.008674505166709423,0.0835837721824646,0.0,-0.03646498918533325,0.047345198690891266,0.011276749894022942,0.4990001618862152,14.449859619140625,14.446083068847656
0.0,0.00038094818592071533,8.19449234008789,0.0,0.004089999012649059,7.6955060958862305,0.0004891498247161508,0.0,0.00877375341951847,0.08021875470876694,0.0,-0.03840780258178711,0.07969586551189423,0.011209017597138882,0.49900001287460327,14.444424629211426,14.445186614990234
0.0,0.0005599632859230042,8.195435523986816,0.0,0.0033133854158222675,7.6964430809021,0.0007118381909094751,0.0,0.008740189485251904,0.08288341760635376,0.0,-0.039433546364307404,0.04661611095070839,0.011059820652008057,0.49900004267692566,14.442030906677246,14.443709373474121
0.0,0.0007365767378360033,8.19637393951416,0.0,0.002514517866075039,7.6973772048950195,0.0009294640622101724,0.0,0.00863618589937687,0.08548392355442047,0.0,-0.04020777344703674,0.013840295374393463,0.010702764615416527,0.4989998936653137,14.438432693481445,14.442449569702148
0.0,0.0009090397506952286,8.197304725646973,0.0,0.0017023382242769003,7.698305130004883,0.001139140105806291,0.0,0.008472265675663948,0.0820661410689354,0.0,-0.04082894325256348,0.046152789145708084,0.010264837183058262,0.49900022149086,14.43854808807373,14.443474769592285
0.0,0.0010761684970930219,8.19887924194336,0.0,0.0008828965947031975,7.699879169464111,0.0013384537305682898,0.0,0.008222785778343678,0.07861050963401794,0.0,-0.04099864885210991,0.07843470573425293,0.009666522964835167,0.49900010228157043,14.434903144836426,14.441634178161621
0.0,0.0012374245561659336,8.200439453125,0.0,6.496458081528544e-05,7.701441287994385,0.0015239835483953357,0.0,0.0078917620703578,0.07805915921926498,0.0,-0.04073065146803856,0.07778656482696533,0.008886459283530712,0.49899953603744507,14.424110412597656,14.432886123657227
0.0,0.0013883952051401138,8.201333999633789,0.0,-0.0007453234866261482,7.702338218688965,0.0016929550329223275,0.0,0.007494817487895489,0.08044735342264175,0.0,-0.04015880078077316,0.044482868164777756,0.008010689169168472,0.49900034070014954,14.417899131774902,14.427751541137695
0.0,0.0015334023628383875,8.202873229980469,0.0,-0.0015360773541033268,7.703882694244385,0.0018419205443933606,0.0,0.007009183522313833,0.07676198333501816,0.0,-0.03899708390235901,0.0768696591258049,0.006885861977934837,0.4989999532699585,14.41710090637207,14.429755210876465
0.0,0.001662997528910637,8.20374584197998,0.0,-0.0023068124428391457,7.704761505126953,0.0019659947138279676,0.0,0.006492573767900467,0.07917457818984985,0.0,-0.03781716153025627,0.04358707368373871,0.005521556828171015,0.4990001320838928,14.416936874389648,14.43228530883789
0.0,0.0017801753710955381,8.204608917236328,0.0,-0.003046992002055049,7.705632209777832,0.0020650173537433147,0.0,0.00593086052685976,0.0815543532371521,0.0,-0.03640660643577576,0.010610893368721008,0.0043807076290249825,0.49900004267692566,14.41789722442627,14.430731773376465
0.0,0.0018912791274487972,8.206111907958984,0.0,-0.003742501139640808,7.707143783569336,0.002141372300684452,0.0,0.005232478026300669,0.07494112849235535,0.0,-0.0337233804166317,0.07525062561035156,0.0032547784503549337,0.4989999234676361,14.421053886413574,14.433720588684082
0.0,0.001980694942176342,8.206949234008789,0.0,-0.004401252139359713,7.7079901695251465,0.002195569686591625,0.0,0.0045844800770282745,0.07739091664552689,0.0,-0.031734831631183624,0.042000219225883484,0.0021649617701768875,0.49899986386299133,14.421199798583984,14.433460235595703
0.0,0.002055162563920021,8.207777976989746,0.0,-0.005009959917515516,7.708828449249268,0.002226111711934209,0.0,0.003866775892674923,0.07687802612781525,0.0,-0.029093921184539795,0.041623566299676895,0.00088924216106534,0.49899953603744507,14.425636291503906,14.439988136291504
0.0,0.002104040700942278,8.207945823669434,0.0,-0.00557294487953186,7.709004878997803,0.0022343385498970747,0.0,0.003210867755115032,0.08248122036457062,0.0,-0.027165623381733894,-0.02404934912919998,-6.65514962747693e-05,0.4989999830722809,14.432171821594238,14.442924499511719
0.0,0.002147025428712368,8.208757400512695,0.0,-0.0060653239488601685,7.709825038909912,0.0022231817711144686,0.0,0.00235183909535408,0.07606147974729538,0.0,-0.023041781038045883,0.040769923478364944,-0.0010491327848285437,0.4989999234676361,14.436049461364746,14.447103500366211
0.0,0.0021738875657320023,8.209561347961426,0.0,-0.006493302062153816,7.710636615753174,0.002196451649069786,0.0,0.0015719251241534948,0.07568525522947311,0.0,-0.019727125763893127,0.04035978391766548,-0.0016238805837929249,0.49900001287460327,14.438594818115234,14.445060729980469
0.0,0.0021845377050340176,8.210357666015625,0.0,-0.006853319238871336,7.711439609527588,0.0021558240987360477,0.0,0.0007842688937671483,0.07527575641870499,0.0,-0.016251083463430405,0.03990785777568817,-0.002438869560137391,0.4989999234676361,14.434735298156738,14.443903923034668
0.0,0.0021790023893117905,8.211146354675293,0.0,-0.0071424758061766624,7.712233543395996,0.002098150784149766,0.0,5.1547191105782986e-05,0.07792241871356964,0.0,-0.013255907222628593,0.006842702627182007,-0.00332845700904727,0.49899986386299133,14.436771392822266,14.446779251098633
0.0,0.002157440409064293,8.211928367614746,0.0,-0.007358533330261707,7.713018894195557,0.0020214251708239317,0.0,-0.0007310505607165396,0.07762855291366577,0.0,-0.009569157846271992,0.006447821855545044,-0.004344099201261997,0.49900022149086,14.441763877868652,14.453189849853516
0.0,0.0021327780559659004,8.213356971740723,0.0,-0.0074874963611364365,7.714449882507324,0.0019253429491072893,0.0,-0.0015588225796818733,0.07432594150304794,0.0,-0.005194766912609339,0.03871975839138031,-0.005264119245111942,0.49899983406066895,14.443378448486328,14.453728675842285
0.0,0.002095224102959037,8.214900970458984,0.0,-0.007566172629594803,7.7145676612854,0.0018112147226929665,0.0,-0.0022508595138788223,0.07704437524080276,0.0,-0.002042696112766862,0.005694031715393066,-0.006148705258965492,0.5004265904426575,14.441883087158203,14.451834678649902
0.0,0.0020132814534008503,8.21489143371582,0.0,-0.00754408398643136,7.715982913970947,0.0016798083670437336,0.0,-0.003090306418016553,0.07066165655851364,0.0,0.002986071165651083,0.07054394483566284,-0.006991922855377197,0.49900004267692566,14.439509391784668,14.448995590209961
0.0,0.001932261511683464,8.215648651123047,0.0,-0.007459443993866444,7.716736793518066,0.0015330390306189656,0.0,-0.0036639771424233913,0.07633112370967865,0.0,0.005467102862894535,0.00483819842338562,-0.007685011252760887,0.49900022149086,14.437899589538574,14.445696830749512
0.0,0.0018501468002796173,8.21705150604248,0.0,-0.007288972847163677,7.718134880065918,0.0013730776263400912,0.0,-0.004425971768796444,0.07000812143087387,0.0,0.010335111059248447,0.06972483545541763,-0.008311130106449127,0.49900031089782715,14.44498348236084,14.452027320861816
0.0,0.0017555099911987782,8.2184476852417,0.0,-0.007046818267554045,7.719525337219238,0.0012033929815515876,0.0,-0.005028016399592161,0.06969142705202103,0.0,0.013858310878276825,0.06932248175144196,-0.008657335303723812,0.4989999830722809,14.443923950195312,14.447818756103516
0.0,0.0016384185291826725,8.219184875488281,0.0,-0.006747146602720022,7.720254898071289,0.0010292535880580544,0.0,-0.0055260807275772095,0.07236424088478088,0.0,0.016657236963510513,0.03626134246587753,-0.008756602182984352,0.4990004301071167,14.442983627319336,14.444100379943848
0.0,0.0015218043699860573,8.220566749572754,0.0,-0.006370730698108673,7.721629619598389,0.0008545996388420463,0.0,-0.0060744136571884155,0.06898902356624603,0.0,0.020402653142809868,0.0685214176774025,-0.008708790875971317,0.49899953603744507,14.44382381439209,14.443285942077637
0.0,0.0013767099007964134,8.220636367797852,0.0,-0.0059527200646698475,7.721690654754639,0.000679747317917645,0.0,-0.006375262048095465,0.07778534293174744,0.0,0.021877937018871307,-0.029755927622318268,-0.008776438422501087,0.49899953603744507,14.448893547058105,14.449654579162598
0.0,0.001225183717906475,8.220702171325684,0.0,-0.005477177910506725,7.721747398376465,0.0005021840333938599,0.0,-0.006760891061276197,0.07761024683713913,0.0,0.024675002321600914,-0.029956191778182983,-0.008979888632893562,0.49899977445602417,14.455538749694824,14.4578275680542
0.0,0.0010764151811599731,8.221417427062988,0.0,-0.0049406616017222404,7.722454071044922,0.0003193217271473259,0.0,-0.007161847315728664,0.07147376984357834,0.0,0.02805355191230774,0.03525165468454361,-0.009306342341005802,0.49899962544441223,14.46125316619873,14.464925765991211
0.0,0.0009229574352502823,8.22213077545166,0.0,-0.004356882069259882,7.723158836364746,0.00013240904081612825,0.0,-0.007415948901325464,0.07134824246168137,0.0,0.03027496486902237,0.035144444555044174,-0.009384925477206707,0.49899986386299133,14.460165023803711,14.46104907989502
0.0,0.0007603769190609455,8.222187995910645,0.0,-0.0037380470894277096,7.723208427429199,-5.716885789297521e-05,0.0,-0.007542724721133709,0.07728660851716995,0.0,0.031556375324726105,-0.030280716717243195,-0.009572862647473812,0.49899983406066895,14.460626602172852,14.462740898132324
0.0,0.0005971072241663933,8.222243309020996,0.0,-0.003083873074501753,7.723256587982178,-0.00024967134231701493,0.0,-0.007663697935640812,0.07719157636165619,0.0,0.033217500895261765,-0.03034312278032303,-0.009677384980022907,0.49900028109550476,14.462358474731445,14.463534355163574
0.0,0.0004419174510985613,8.223603248596191,0.0,-0.002391680609434843,7.724611282348633,-0.00044252307270653546,0.0,-0.007775128819048405,0.06806514412164688,0.0,0.03522230684757233,0.06767718493938446,-0.009607788175344467,0.49900001287460327,14.46673583984375,14.46595287322998
0.0,0.00028408714570105076,8.224305152893066,0.0,-0.0016809466760605574,7.725309371948242,-0.0006326222792267799,0.0,-0.0077300239354372025,0.07096132636070251,0.0,0.035979676991701126,0.03480357676744461,-0.009402133524417877,0.4989996552467346,14.460942268371582,14.45862865447998
0.0,0.00012744555715471506,8.22435474395752,0.0,-0.000956763862632215,7.725355625152588,-0.0008178225834853947,0.0,-0.007611621171236038,0.07686316967010498,0.0,0.036379922181367874,-0.030461877584457397,-0.009117895737290382,0.49900028109550476,14.46181869506836,14.45862102508545
0.0,-2.3588043404743075e-05,8.225707054138184,0.0,-0.00022180192172527313,7.726707458496094,-0.0009973584674298763,0.0,-0.0074601564556360245,0.06765782088041306,0.0,0.03684507682919502,0.0674830824136734,-0.008835692889988422,0.49899962544441223,14.462140083312988,14.458965301513672
0.0,-0.00016948621487244964,8.226401329040527,0.0,0.0005144605529494584,7.7274017333984375,-0.0011702923802658916,0.0,-0.007217769976705313,0.07056184858083725,0.0,0.03673636168241501,0.03461742028594017,-0.008457698859274387,0.49900004267692566,14.46249771118164,14.458245277404785
0.0,-0.0003107754746451974,8.227747917175293,0.0,0.0012444539461284876,7.728750228881836,-0.0013342685997486115,0.0,-0.006904538255184889,0.06728050112724304,0.0,0.03625118359923363,0.06726301461458206,-0.007939917035400867,0.49900010228157043,14.455218315124512,14.449393272399902
0.0,-0.0004452082794159651,8.229085922241211,0.0,0.001962251029908657,7.7300920486450195,-0.0014875204069539905,0.0,-0.0065302676521241665,0.06699693202972412,0.0,0.0354728177189827,0.06690218299627304,-0.007385259959846735,0.498999685049057,14.45149040222168,14.445250511169434
0.0,-0.0005671803373843431,8.22976303100586,0.0,0.002664320869371295,7.730773448944092,-0.0016281337011605501,0.0,-0.006108665838837624,0.06969459354877472,0.0,0.034522801637649536,0.033868301659822464,-0.006676065269857645,0.49900004267692566,14.44938850402832,14.441410064697266
0.0,-0.0006841043941676617,8.231090545654297,0.0,0.0033367788419127464,7.732106685638428,-0.0017526412848383188,0.0,-0.005595123395323753,0.06623153388500214,0.0,0.03288533538579941,0.06641681492328644,-0.005774694494903088,0.49900004267692566,14.444514274597168,14.43437385559082
0.0,-0.0007905927486717701,8.232406616210938,0.0,0.003977729938924313,7.733429431915283,-0.0018586942460387945,0.0,-0.005049045663326979,0.06573174893856049,0.0,0.031160956248641014,0.06584108620882034,-0.004830599296838045,0.4989999532699585,14.437750816345215,14.427129745483398
0.0,-0.000878422986716032,8.23305892944336,0.0,0.004587556701153517,7.73408842086792,-0.0019457703456282616,0.0,-0.004484912380576134,0.06824850291013718,0.0,0.02946454845368862,0.03265979140996933,-0.003877009730786085,0.4990004301071167,14.437639236450195,14.426911354064941
0.0,-0.0009611593559384346,8.234355926513672,0.0,0.005147354677319527,7.735393524169922,-0.002011416247114539,0.0,-0.003817966440692544,0.06464844197034836,0.0,0.02683381363749504,0.06494095921516418,-0.002687586937099695,0.49899977445602417,14.435224533081055,14.421843528747559
0.0,-0.0010220501571893692,8.234989166259766,0.0,0.005667286925017834,7.736034393310547,-0.0020524710416793823,0.0,-0.0031876154243946075,0.0671367347240448,0.0,0.024722326546907425,0.03173699975013733,-0.001417886232957244,0.49899959564208984,14.437358856201172,14.423074722290039
0.0,-0.0010591670870780945,8.23496150970459,0.0,0.006143875885754824,7.736013889312744,-0.002068798989057541,0.0,-0.0025782424490898848,0.07268887013196945,0.0,0.022904738783836365,-0.033900998532772064,-0.00021490012295544147,0.49899959564208984,14.441079139709473,14.427545547485352
0.0,-0.0010809455998241901,8.234925270080566,0.0,0.006564001087099314,7.735983848571777,-0.0020612976513803005,0.0,-0.0018688938580453396,0.07234827429056168,0.0,0.020020747557282448,-0.03433578461408615,0.0009650281863287091,0.4989999830722809,14.45071029663086,14.4374361038208
0.0,-0.0010977978818118572,8.23553466796875,0.0,0.006913898047059774,7.736598968505859,-0.0020306699443608522,0.0,-0.0010532254818826914,0.06600379943847656,0.0,0.015945306047797203,0.03058099001646042,0.0020977389067411423,0.49900001287460327,14.453630447387695,14.440887451171875
0.0,-0.0010888464748859406,8.235486030578613,0.0,0.007211640477180481,7.7365546226501465,-0.0019797582644969225,0.0,-0.00042591622332111,0.07180453836917877,0.0,0.013810303062200546,-0.03501485288143158,0.002993430010974407,0.4990004599094391,14.45639419555664,14.446317672729492
0.0,-0.001087105367332697,8.236738204956055,0.0,0.007422360125929117,7.7378106117248535,-0.001910042716190219,0.0,0.00044761778553947806,0.06252067536115646,0.0,0.008877644315361977,0.06265559047460556,0.003978130407631397,0.4990001320838928,14.459096908569336,14.448019027709961
0.0,-0.0010596956126391888,8.237333297729492,0.0,0.007577529642730951,7.738407611846924,-0.0018206797540187836,0.0,0.0010553585598245263,0.06832403689622879,0.0,0.006630963645875454,-0.00295402854681015,0.004958168603479862,0.4990004301071167,14.456954956054688,14.445929527282715
0.0,-0.0010295105166733265,8.23857593536377,0.0,0.007653539534658194,7.739651679992676,-0.0017101096455007792,0.0,0.001853488152846694,0.06203610077500343,0.0,0.0020975887309759855,0.062039829790592194,0.006098847836256027,0.49899980425834656,14.457965850830078,14.445133209228516
0.0,-0.0009630825370550156,8.238508224487305,0.0,0.007684148848056793,7.739583492279053,-0.0015769531019032001,0.0,0.0023632526863366365,0.07090187072753906,0.0,0.0003973940620198846,-0.0361979603767395,0.007216808386147022,0.4989996552467346,14.4605131149292,14.447936058044434
0.0,-0.0008839578367769718,8.238436698913574,0.0,0.0076468936167657375,7.7395100593566895,-0.0014228360960260034,0.0,0.002997917588800192,0.07075135409832001,0.0,-0.0029835309833288193,-0.03644659370183945,0.008194897323846817,0.49899956583976746,14.463555335998535,14.45255184173584
0.0,-0.0007930831052362919,8.238362312316895,0.0,0.0075426665134727955,7.739432334899902,-0.0012512748362496495,0.0,0.0035926862619817257,0.07069239020347595,0.0,-0.006309663876891136,-0.03662184625864029,0.008961227722465992,0.49899959564208984,14.468998908996582,14.46037769317627
0.0,-0.0006915605627000332,8.238286972045898,0.0,0.007372970227152109,7.739352226257324,-0.0010663536377251148,0.0,0.004141317214816809,0.0706670805811882,0.0,-0.009550281800329685,-0.03672866150736809,0.009530888870358467,0.4989999234676361,14.470588684082031,14.464179992675781
0.0,-0.000590677373111248,8.23886489868164,0.0,0.00712955417111516,7.739924430847168,-0.0008711472037248313,0.0,0.00473451241850853,0.06463325768709183,0.0,-0.013712054118514061,0.028596334159374237,0.009989754296839237,0.4990001916885376,14.47333812713623,14.468175888061523
0.0,-0.0004905546084046364,8.240096092224121,0.0,0.006815364584326744,7.74114990234375,-0.0006709418375976384,0.0,0.005220307037234306,0.0615888312458992,0.0,-0.017173578962683678,0.06122645363211632,0.010030783712863922,0.498999685049057,14.468425750732422,14.467964172363281
0.0,-0.0003733634948730469,8.240673065185547,0.0,0.006453361827880144,7.741719722747803,-0.00047350337263196707,0.0,0.005555789452046156,0.06454069167375565,0.0,-0.019473763182759285,0.028408527374267578,0.009713062085211277,0.49900004267692566,14.462104797363281,14.465679168701172
0.0,-0.0002499106340110302,8.241247177124023,0.0,0.006037403829395771,7.7422871589660645,-0.0002830237499438226,0.0,0.005837124306708574,0.06738660484552383,0.0,-0.02163868211209774,-0.004398956894874573,0.009334898553788662,0.49899962544441223,14.454676628112793,14.458930969238281
0.0,-0.00011414196342229843,8.241165161132812,0.0,0.005580310709774494,7.7421979904174805,-0.00010094919707626104,0.0,0.006061517633497715,0.07028476148843765,0.0,-0.02361973002552986,-0.03721904382109642,0.008872557431459427,0.4989996552467346,14.457650184631348,14.462851524353027
0.0,1.7799437046051025e-05,8.241734504699707,0.0,0.005071436520665884,7.742760181427002,7.41783733246848e-05,0.0,0.006329093594104052,0.06420031934976578,0.0,-0.026479465886950493,0.028071314096450806,0.008640199899673462,0.4989999234676361,14.465808868408203,14.468422889709473
0.0,0.00015780236572027206,8.241649627685547,0.0,0.004529038444161415,7.742668628692627,0.00024419595138169825,0.0,0.006409267894923687,0.07021903246641159,0.0,-0.027714908123016357,-0.037315189838409424,0.008361557498574257,0.4990001320838928,14.465780258178711,14.468914985656738
0.0,0.0002884501591324806,8.242871284484863,0.0,0.003941293805837631,7.743884563446045,0.00040924001950770617,0.0,0.006564882583916187,0.06114145368337631,0.0,-0.030152812600135803,0.06076931208372116,0.008142848499119282,0.49900007247924805,14.4688138961792,14.471274375915527
0.0,0.00042001577094197273,8.24409008026123,0.0,0.0033248555846512318,7.74509859085083,0.0005709814140573144,0.0,0.006579190026968718,0.06107784062623978,0.0,-0.03144204616546631,0.060641128569841385,0.008031290024518967,0.4989999234676361,14.464030265808105,14.465285301208496
0.0,0.0005539532285183668,8.244651794433594,0.0,0.0026894095353782177,7.7456560134887695,0.0007283003069460392,0.0,0.006514003034681082,0.06397813558578491,0.0,-0.03224232420325279,0.02778395265340805,0.007700598333030939,0.49900034070014954,14.458306312561035,14.462026596069336
0.0,0.0006835133535787463,8.245866775512695,0.0,0.0020343794021755457,7.74686861038208,0.0008780762436799705,0.0,0.006418334785848856,0.060721345245838165,0.0,-0.03306827321648598,0.06049119308590889,0.007276997435837984,0.4989999830722809,14.451958656311035,14.456724166870117
0.0,0.0008109337068162858,8.246421813964844,0.0,0.0013705133460462093,7.747422218322754,0.0010183790000155568,0.0,0.006241674069315195,0.06350458413362503,0.0,-0.03335491195321083,0.027538731694221497,0.006753281690180302,0.4989998936653137,14.44872760772705,14.454619407653809
0.0,0.000933268980588764,8.246973991394043,0.0,0.0007022495847195387,7.747974395751953,0.0011485422728583217,0.0,0.006015491671860218,0.06325657665729523,0.0,-0.033419445157051086,0.02747456356883049,0.006263050716370344,0.4989996552467346,14.449859619140625,14.455374717712402
0.0,0.0010480321943759918,8.246869087219238,0.0,3.497890429571271e-05,7.747870445251465,0.0012650794815272093,0.0,0.005741704721003771,0.06906415522098541,0.0,-0.033256541937589645,-0.038004279136657715,0.005390671547502279,0.4989996552467346,14.447623252868652,14.457437515258789
0.0,0.0011544532608240843,8.246760368347168,0.0,-0.0006243417738005519,7.747763156890869,0.0013670894550159574,0.0,0.005413464270532131,0.06890073418617249,0.0,-0.03275822103023529,-0.03814622014760971,0.004810329061001539,0.4990003705024719,14.454581260681152,14.46111011505127
0.0,0.0012583357747644186,8.247954368591309,0.0,-0.0012645411770790815,7.748960494995117,0.0014554767403751612,0.0,0.005000119097530842,0.05971850827336311,0.0,-0.03156272694468498,0.05979247763752937,0.004028400871902704,0.4990002512931824,14.457682609558105,14.466479301452637
0.0,0.00135413883253932,8.24914264678955,0.0,-0.0018849412444978952,7.750153541564941,0.0015304023399949074,0.0,0.004575376398861408,0.05951705574989319,0.0,-0.030430439859628677,0.05953067168593407,0.0034641646780073643,0.49899962544441223,14.451358795166016,14.457706451416016
0.0,0.0014358097687363625,8.249672889709473,0.0,-0.0024841674603521824,7.750688076019287,0.0015945519553497434,0.0,0.004129999317228794,0.06232251971960068,0.0,-0.02923561818897724,0.026599101722240448,0.0029507912695407867,0.4990001916885376,14.450428009033203,14.45620346069336
0.0,0.0015129661187529564,8.2508544921875,0.0,-0.0030474658124148846,7.751875400543213,0.001646538614295423,0.0,0.0036046570166945457,0.058996930718421936,0.0,-0.02731107734143734,0.05919734388589859,0.0022478695027530193,0.4989999234676361,14.445077896118164,14.452985763549805
0.0,0.0015729351434856653,8.25137710571289,0.0,-0.003580960212275386,7.752403259277344,0.0016819685697555542,0.0,0.0030990028753876686,0.06174237281084061,0.0,-0.025701157748699188,0.02621719241142273,0.0012951275566592813,0.4990004599094391,14.443604469299316,14.454322814941406
0.0,0.0016287239268422127,8.252547264099121,0.0,-0.004067251458764076,7.753580093383789,0.0016990447184070945,0.0,0.0025080908089876175,0.05844331160187721,0.0,-0.023231148719787598,0.05867825821042061,0.0004124913248233497,0.498999685049057,14.445001602172852,14.454931259155273
0.0,0.001664954237639904,8.253059387207031,0.0,-0.004516314715147018,7.7540974617004395,0.0016994914039969444,0.0,0.0019625797867774963,0.0611753836274147,0.0,-0.02127079851925373,0.02568773180246353,-0.0003678262000903487,0.4990001916885376,14.44360637664795,14.452384948730469
0.0,0.0016975202597677708,8.254219055175781,0.0,-0.004908783361315727,7.75526237487793,0.0016859194729477167,0.0,0.001330005470663309,0.05782683193683624,0.0,-0.018353845924139023,0.0580512136220932,-0.0009893676033243537,0.4990004003047943,14.442521095275879,14.44951343536377
0.0,0.0017180629074573517,8.255370140075684,0.0,-0.0052494448609650135,7.7564191818237305,0.0016581348609179258,0.0,0.000725200108718127,0.057460229843854904,0.0,-0.015688711777329445,0.05762699991464615,-0.001789097674190998,0.49899959564208984,14.437875747680664,14.44687271118164
0.0,0.0017169341444969177,8.25586223602295,0.0,-0.005544591229408979,7.7569146156311035,0.0016168750589713454,0.0,0.00015830062329769135,0.06005971506237984,0.0,-0.013351168483495712,0.024528544396162033,-0.0023368883412331343,0.4990004599094391,14.43528938293457,14.441452026367188
0.0,0.0017131157219409943,8.256998062133789,0.0,-0.005773297511041164,7.758054256439209,0.0015627130633220077,0.0,-0.0004941053339280188,0.05660537630319595,0.0,-0.009980568662285805,0.056737497448921204,-0.0030793133191764355,0.4989999532699585,14.433731079101562,14.442083358764648
0.0,0.0016871877014636993,8.257473945617676,0.0,-0.00595310190692544,7.7585320472717285,0.001494881696999073,0.0,-0.0010048106778413057,0.06226889416575432,0.0,-0.007999852299690247,-0.008952654898166656,-0.0037038216833025217,0.4990003705024719,14.437979698181152,14.445005416870117
0.0,0.0016593048349022865,8.258594512939453,0.0,-0.006062997970730066,7.7596540451049805,0.0014175957767292857,0.0,-0.0016883700154721737,0.05586869269609451,0.0,-0.003983861301094294,0.055902790278196335,-0.004024764988571405,0.49900022149086,14.441293716430664,14.444904327392578
0.0,0.0016197547083720565,8.2597074508667,0.0,-0.006112343166023493,7.760767459869385,0.0013343878090381622,0.0,-0.002216919558122754,0.058486051857471466,0.0,-0.001455589197576046,0.02281999960541725,-0.0042960322462022305,0.4989998936653137,14.438142776489258,14.441194534301758
0.0,0.0015707567799836397,8.260933876037598,0.0,-0.006121286191046238,7.7605671882629395,0.0012436513788998127,0.0,-0.0027260850183665752,0.06114118546247482,0.0,0.001062894007191062,-0.010231509804725647,-0.004777616821229458,0.5004258155822754,14.439703941345215,14.445121765136719
0.0,0.0014874786138534546,8.26060676574707,0.0,-0.006050014402717352,7.761663913726807,0.0011402026284486055,0.0,-0.003350835759192705,0.05476323887705803,0.0,0.0050524454563856125,0.05463266372680664,-0.005567259155213833,0.49899977445602417,14.44020938873291,14.449092864990234
0.0,0.001396233681589365,8.260393142700195,0.0,-0.005939236376434565,7.761447429656982,0.0010213331552222371,0.0,-0.003716931212693453,0.06352028250694275,0.0,0.006505231373012066,-0.04364956170320511,-0.006319687236100435,0.49899962544441223,14.442363739013672,14.450828552246094
0.0,0.0012960601598024368,8.260173797607422,0.0,-0.0057709114626049995,7.761224269866943,0.000889063929207623,0.0,-0.004185064695775509,0.06329525262117386,0.0,0.009349992498755455,-0.043961890041828156,-0.006907235365360975,0.49899956583976746,14.449310302734375,14.455920219421387
0.0,0.0011878875084221363,8.259950637817383,0.0,-0.005547123495489359,7.760995864868164,0.0007458236068487167,0.0,-0.004613302648067474,0.06313607841730118,0.0,0.012082085944712162,-0.04419715330004692,-0.007416794076561928,0.49900022149086,14.454673767089844,14.460406303405762
0.0,0.0010892720893025398,8.261031150817871,0.0,-0.005253048148006201,7.762071132659912,0.0005910773179493845,0.0,-0.00511739868670702,0.054006822407245636,0.0,0.015976738184690475,0.053707752376794815,-0.008057832717895508,0.49900031089782715,14.46182918548584,14.469040870666504
0.0,0.0009835031814873219,8.262107849121094,0.0,-0.004909171257168055,7.763143062591553,0.00042620854219421744,0.0,-0.005449146032333374,0.053856391459703445,0.0,0.018381521105766296,0.05350346490740776,-0.008429044857621193,0.49899956583976746,14.4562349319458,14.460411071777344
0.0,0.0008646300993859768,8.262528419494629,0.0,-0.004526753909885883,7.763557434082031,0.00025513707078062,0.0,-0.005691777914762497,0.05668378621339798,0.0,0.020213080570101738,0.02059520035982132,-0.008678101934492588,0.49900010228157043,14.453523635864258,14.45632553100586
0.0,0.000747819896787405,8.263598442077637,0.0,-0.004094948526471853,7.764621734619141,8.090533083304763e-05,0.0,-0.005946699529886246,0.05339144542813301,0.0,0.022577503696084023,0.053054314106702805,-0.008745071478188038,0.4990001916885376,14.450011253356934,14.450764656066895
0.0,0.0006271260790526867,8.264660835266113,0.0,-0.0036251512356102467,7.765679359436035,-9.170049452222884e-05,0.0,-0.0061108446680009365,0.053088102489709854,0.0,0.02436363324522972,0.05269826576113701,-0.008515511639416218,0.49899959564208984,14.448341369628906,14.445758819580078
0.0,0.0004990657325834036,8.265063285827637,0.0,-0.0031275625806301832,7.766076564788818,-0.00025844015181064606,0.0,-0.00619073212146759,0.05576690658926964,0.0,0.02563238888978958,0.01966899260878563,-0.008158455602824688,0.4989998936653137,14.446146011352539,14.442129135131836
0.0,0.0003704242408275604,8.265460968017578,0.0,-0.0026015033945441246,7.766469955444336,-0.00041806415538303554,0.0,-0.006238302681595087,0.05542542785406113,0.0,0.02692931704223156,0.019481126219034195,-0.007803943008184433,0.49899986386299133,14.447522163391113,14.443533897399902
0.0,0.00023942114785313606,8.265199661254883,0.0,-0.002055575605481863,7.766204833984375,-0.0005709437537007034,0.0,-0.006196195725351572,0.06113751232624054,0.0,0.027618732303380966,-0.04609059914946556,-0.007484016939997673,0.49900010228157043,14.447295188903809,14.443696022033691
0.0,0.00011523545254021883,8.266237258911133,0.0,-0.0014860817464068532,7.767239570617676,-0.0007158353691920638,0.0,-0.006170883774757385,0.0517839640378952,0.0,0.028834601864218712,0.051575277000665665,-0.0070051453076303005,0.4990002512931824,14.451495170593262,14.446107864379883
0.0,-7.054186426103115e-06,8.267267227172852,0.0,-0.0009040245204232633,7.768267631530762,-0.0008521456038579345,0.0,-0.006048372946679592,0.05147164687514305,0.0,0.029325081035494804,0.05121239274740219,-0.006625879555940628,0.4990004003047943,14.448539733886719,14.444272994995117
0.0,-0.00012634636368602514,8.268287658691406,0.0,-0.0003149299882352352,7.769288063049316,-0.0009831907227635384,0.0,-0.005871682893484831,0.05111872777342796,0.0,0.029538078233599663,0.05080920085310936,-0.0064786323346197605,0.49899962544441223,14.444242477416992,14.442585945129395
0.0,-0.00024080165894702077,8.268647193908691,0.0,0.00027540052542462945,7.769647121429443,-0.001108337426558137,0.0,-0.005640672519803047,0.05375557765364647,0.0,0.029461190104484558,0.017747491598129272,-0.0060360427014529705,0.49900034070014954,14.443599700927734,14.438620567321777
0.0,-0.0003508215304464102,8.269655227661133,0.0,0.000861002947203815,7.770657062530518,-0.001222409657202661,0.0,-0.005356567911803722,0.05028974264860153,0.0,0.029087737202644348,0.05027652531862259,-0.005371183156967163,0.49899962544441223,14.442863464355469,14.435383796691895
0.0,-0.0004521760856732726,8.270002365112305,0.0,0.0014386936090886593,7.771005630493164,-0.0013214020291343331,0.0,-0.0050350818783044815,0.05291900411248207,0.0,0.028557661920785904,0.017209213227033615,-0.004528050310909748,0.49900031089782715,14.445310592651367,14.43582534790039
0.0,-0.0005489869508892298,8.270995140075684,0.0,0.001999073661863804,7.77200174331665,-0.0014031714526936412,0.0,-0.004651050549000502,0.04952860251069069,0.0,0.027561675757169724,0.049606580287218094,-0.0036488897167146206,0.4989998936653137,14.44834041595459,14.43844985961914
0.0,-0.0006337079685181379,8.271327018737793,0.0,0.002542809583246708,7.772336959838867,-0.0014687571674585342,0.0,-0.004254892002791166,0.052180591970682144,0.0,0.026604171842336655,0.016558494418859482,-0.0029096861835569143,0.4990001618862152,14.446382522583008,14.438066482543945
0.0,-0.0007090375293046236,8.271652221679688,0.0,0.0030620205216109753,7.772666931152344,-0.001519283396191895,0.0,-0.003831489710137248,0.05482513830065727,0.0,0.02548680640757084,-0.01633375510573387,-0.0021429320331662893,0.49899953603744507,14.44701099395752,14.438385009765625
0.0,-0.0007686191238462925,8.271318435668945,0.0,0.003556585870683193,7.772337436676025,-0.0015541667817160487,0.0,-0.0033813556656241417,0.05753455311059952,0.0,0.024180525913834572,-0.049284275621175766,-0.0013454058207571507,0.4989997446537018,14.45119857788086,14.44222640991211
0.0,-0.0008169454522430897,8.270978927612305,0.0,0.004017214756458998,7.772002696990967,-0.0015740515664219856,0.0,-0.0028826703783124685,0.057356905192136765,0.0,0.022415228188037872,-0.04951939359307289,-0.0006430775974877179,0.49899962544441223,14.460259437561035,14.45235824584961
0.0,-0.0008537005633115768,8.270636558532715,0.0,0.00443989085033536,7.771664619445801,-0.0015811275225132704,0.0,-0.0023629888892173767,0.05726601555943489,0.0,0.020455513149499893,-0.04965392127633095,-6.451515946537256e-05,0.49900001287460327,14.466048240661621,14.459539413452148
0.0,-0.000878646969795227,8.270292282104492,0.0,0.004820988513529301,7.771324634552002,-0.0015755200292915106,0.0,-0.0018267467385157943,0.057292718440294266,0.0,0.01832122728228569,-0.049695175141096115,0.0006252668681554496,0.4990001916885376,14.475193977355957,14.46743392944336
0.0,-0.0008996613323688507,8.27060317993164,0.0,0.0051498194225132465,7.771639823913574,-0.001555659924633801,0.0,-0.0012442260049283504,0.054397039115428925,0.0,0.015659790486097336,-0.016919393092393875,0.0013607405126094818,0.49900001287460327,14.483296394348145,14.475022315979004
0.0,-0.0009091631509363651,8.270916938781738,0.0,0.005430877208709717,7.771956920623779,-0.0015214176382869482,0.0,-0.0006898201536387205,0.054543331265449524,0.0,0.013239501044154167,-0.016800690442323685,0.0020634925458580256,0.49900031089782715,14.484336853027344,14.476430892944336
0.0,-0.000915843527764082,8.27188777923584,0.0,0.0056537725031375885,7.77293062210083,-0.0014735441654920578,0.0,-5.606561899185181e-05,0.048611272126436234,0.0,0.009866607375442982,0.04873128980398178,0.0027238591574132442,0.4990004003047943,14.48264217376709,14.475213050842285
0.0,-0.0009114313870668411,8.272859573364258,0.0,0.0058250403963029385,7.773904800415039,-0.0014111248310655355,0.0,0.0004957240889780223,0.0485948882997036,0.0,0.007249236572533846,0.04866979271173477,0.003518079174682498,0.49900022149086,14.472743034362793,14.463808059692383
0.0,-0.0008960678242146969,8.27383041381836,0.0,0.0059433854185044765,7.774877548217773,-0.0013349098153412342,0.0,0.0010375494603067636,0.0485977865755558,0.0,0.004578523337841034,0.04862786456942558,0.004103423096239567,0.4989997446537018,14.472990036010742,14.466404914855957
0.0,-0.0008610067889094353,8.274147987365723,0.0,0.006016964092850685,7.775195598602295,-0.0012485231272876263,0.0,0.001522828359156847,0.05156775563955307,0.0,0.0023287939839065075,0.015843916684389114,0.004535246640443802,0.49899980425834656,14.467765808105469,14.462907791137695
0.0,-0.0008066631853580475,8.273811340332031,0.0,0.006045532878488302,7.774857997894287,-0.00115226733032614,0.0,0.0019467686070129275,0.05752100795507431,0.0,0.0005300792399793863,-0.0496257022023201,0.005090327467769384,0.4990004003047943,14.465542793273926,14.459298133850098
0.0,-0.0007603536359965801,8.274779319763184,0.0,0.006002373993396759,7.775825023651123,-0.0010453193681314588,0.0,0.0025550208520144224,0.04839629307389259,0.0,-0.003493847791105509,0.04831264168024063,0.005604464095085859,0.49900010228157043,14.468847274780273,14.46306324005127
0.0,-0.0006960006430745125,8.275092124938965,0.0,0.005914884619414806,7.7761359214782715,-0.0009299901430495083,0.0,0.002928863512352109,0.05430911108851433,0.0,-0.005245160777121782,-0.01720789074897766,0.005928459111601114,0.4989999830722809,14.46119213104248,14.457547187805176
0.0,-0.000614809338003397,8.274748802185059,0.0,0.005784146022051573,7.775790214538574,-0.0008061871631070971,0.0,0.0033128829672932625,0.057226166129112244,0.0,-0.007381940260529518,-0.05003827065229416,0.006451835855841637,0.49899962544441223,14.464410781860352,14.45852279663086
0.0,-0.0005262861959636211,8.274404525756836,0.0,0.005603157915174961,7.775441646575928,-0.0006730831228196621,0.0,0.0037010610103607178,0.057139597833156586,0.0,-0.009861108846962452,-0.05017060413956642,0.006858567241579294,0.49900051951408386,14.465373039245605,14.460797309875488
0.0,-0.00044649187475442886,8.275365829467773,0.0,0.005358156282454729,7.7763991355896,-0.000533493235707283,0.0,0.004159389063715935,0.048075564205646515,0.0,-0.013413331471383572,0.04784995689988136,0.007100419141352177,0.4990004599094391,14.47192096710205,14.469200134277344
0.0,-0.00036018434911966324,8.276325225830078,0.0,0.005067556630820036,7.777354717254639,-0.00039000558899715543,0.0,0.004462884739041328,0.04799561947584152,0.0,-0.01562194712460041,0.047727469354867935,0.007248344831168652,0.49900001287460327,14.464423179626465,14.462759017944336
0.0,-0.0002617533318698406,8.276629447937012,0.0,0.004741441458463669,7.77765417098999,-0.00024332715838681906,0.0,0.004687759093940258,0.05091774836182594,0.0,-0.01731719821691513,0.014906145632266998,0.0074194977059960365,0.49900034070014954,14.462824821472168,14.460899353027344
0.0,-0.0001592962071299553,8.276931762695312,0.0,0.00437571806833148,7.777952194213867,-9.149973629973829e-05,0.0,0.0048699346370995045,0.05380355194211006,0.0,-0.01889604516327381,-0.01785498857498169,0.007763244211673737,0.4990001618862152,14.461719512939453,14.457852363586426
0.0,-5.912221968173981e-05,8.277885437011719,0.0,0.00396874500438571,7.77890157699585,6.585729715880007e-05,0.0,0.005083664320409298,0.047662898898124695,0.0,-0.02117384970188141,0.047399427741765976,0.007972459308803082,0.49900010228157043,14.464273452758789,14.461919784545898
0.0,4.370906390249729e-05,8.27883529663086,0.0,0.003530144691467285,7.779847621917725,0.00022476479352917522,0.0,0.005189269315451384,0.047512512654066086,0.0,-0.022650744765996933,0.0472077876329422,0.007918290793895721,0.49899986386299133,14.458098411560059,14.458707809448242
0.0,0.00015186774544417858,8.27912712097168,0.0,0.003068738617002964,7.7801361083984375,0.0003805340966209769,0.0,0.005219731479883194,0.05036020651459694,0.0,-0.023680776357650757,0.014326445758342743,0.007658637128770351,0.49899953603744507,14.455002784729004,14.457923889160156
0.0,0.0002626634668558836,8.278764724731445,0.0,0.0025878548622131348,7.779770374298096,0.0005300659104250371,0.0,0.005185718182474375,0.056220781058073044,0.0,-0.02436797507107258,-0.05105626583099365,0.007294545415788889,0.49899977445602417,14.454651832580566,14.458747863769531
0.0,0.0003711479948833585,8.278398513793945,0.0,0.002088711131364107,7.779401779174805,0.0006696871714666486,0.0,0.005134230945259333,0.05605148524045944,0.0,-0.025201957672834396,-0.05120057985186577,0.0066675785928964615,0.498999685049057,14.453897476196289,14.46095085144043
0.0,0.0004748464561998844,8.27868366241455,0.0,0.001574228168465197,7.779684543609619,0.0007951601292006671,0.0,0.005049088969826698,0.049958109855651855,0.0,-0.02598077431321144,0.01409955695271492,0.005879716482013464,0.49900031089782715,14.462146759033203,14.471010208129883
0.0,0.0005745014059357345,8.279620170593262,0.0,0.0010496664326637983,7.780620574951172,0.0009065220947377384,0.0,0.004901893902570009,0.04683715105056763,0.0,-0.02636238932609558,0.046729378402233124,0.0052564796060323715,0.49899980425834656,14.459522247314453,14.466533660888672
0.0,0.0006703502731397748,8.279899597167969,0.0,0.0005219921586103737,7.780900001525879,0.001006490783765912,0.0,0.004699829500168562,0.04975494369864464,0.0,-0.026395298540592194,0.013907212764024734,0.004740393254905939,0.49899959564208984,14.458666801452637,14.464472770690918
0.0,0.0007598624215461314,8.279525756835938,0.0,-5.119945853948593e-06,7.780526161193848,0.0010956384940072894,0.0,0.00446335831657052,0.05568588897585869,0.0,-0.02627561055123806,-0.051447249948978424,0.004174376837909222,0.4990001618862152,14.45844841003418,14.464816093444824
0.0,0.0008460934041067958,8.280455589294434,0.0,-0.0005238213343545794,7.781457901000977,0.0011707362718880177,0.0,0.004167451988905668,0.04651353880763054,0.0,-0.025705330073833466,0.04652229696512222,0.0033353976905345917,0.49899956583976746,14.45821762084961,14.467656135559082
0.0,0.0009236768819391727,8.280729293823242,0.0,-0.0010335631668567657,7.781733512878418,0.0012303947005420923,0.0,0.003857673378661275,0.04945100098848343,0.0,-0.02514064684510231,0.013717200607061386,0.0026304416824132204,0.49899962544441223,14.459043502807617,14.466974258422852
0.0,0.0009904345497488976,8.280349731445312,0.0,-0.001530868699774146,7.781355857849121,0.0012751503381878138,0.0,0.0035345852375030518,0.05541257560253143,0.0,-0.024553488940000534,-0.05163164436817169,0.0018451225478202105,0.4990002512931824,14.459321975708008,14.468156814575195
0.0,0.0010564627591520548,8.281274795532227,0.0,-0.002001403132453561,7.782284259796143,0.0013054508017376065,0.0,0.0031103333458304405,0.04627585411071777,0.0,-0.02296050824224949,0.04637793079018593,0.0011849254369735718,0.4989998936653137,14.461880683898926,14.469307899475098
0.0,0.0011099448893219233,8.28154468536377,0.0,-0.002451930893585086,7.782557010650635,0.001324252923950553,0.0,0.002726432867348194,0.049215272068977356,0.0,-0.021858977153897285,0.013575267046689987,0.0006952877738513052,0.4990003705024719,14.460404396057129,14.465912818908691
0.0,0.0011598316486924887,8.282466888427734,0.0,-0.002869809279218316,7.783483028411865,0.0013324959436431527,0.0,0.002281725173816085,0.0460885614156723,0.0,-0.020132234320044518,0.046225737780332565,0.00012901710579171777,0.4990001320838928,14.459590911865234,14.465961456298828
0.0,0.0012010768987238407,8.283385276794434,0.0,-0.0032560531981289387,7.78440523147583,0.0013295585522428155,0.0,0.0018420161213725805,0.04590941220521927,0.0,-0.018464183434844017,0.04601035267114639,-0.00042275770101696253,0.4989999532699585,14.453222274780273,14.459429740905762
0.0,0.001227005384862423,8.283645629882812,0.0,-0.0036131534725427628,7.784669399261475,0.0013168436707928777,0.0,0.001416439306922257,0.04868428781628609,0.0,-0.01692909188568592,0.013073291629552841,-0.0008487322484143078,0.498999685049057,14.44881534576416,14.453607559204102
0.0,0.0012433179654181004,8.283903121948242,0.0,-0.0039322529919445515,7.784930229187012,0.0012951837852597237,0.0,0.0009856169344857335,0.05150306597352028,0.0,-0.015298565849661827,-0.019728876650333405,-0.00131726183462888,0.4989997446537018,14.45238208770752,14.457653045654297
0.0,0.0012427493929862976,8.283504486083984,0.0,-0.0042177047580480576,7.784533977508545,0.0012638844782486558,0.0,0.00055102095939219,0.054379891604185104,0.0,-0.013566890731453896,-0.05257754027843475,-0.0018126638606190681,0.4990003705024719,14.45585823059082,14.461431503295898
0.0,0.001247083768248558,8.284409523010254,0.0,-0.004445808473974466,7.785441875457764,0.001225277897901833,0.0,-1.814297866076231e-05,0.04521999880671501,0.0,-0.010300961323082447,0.04532645642757416,-0.0020479883532971144,0.4990001320838928,14.46204662322998,14.464694023132324
0.0,0.0012343279086053371,8.284658432006836,0.0,-0.004636805504560471,7.7856926918029785,0.0011814766330644488,0.0,-0.0004161065735388547,0.051063064485788345,0.0,-0.008787107653915882,-0.020233571529388428,-0.002332140924409032,0.49900028109550476,14.45281982421875,14.456016540527344
0.0,0.0012199305929243565,8.28555679321289,0.0,-0.004773932974785566,7.786592483520508,0.0011308640241622925,0.0,-0.0009509547962807119,0.044826023280620575,0.0,-0.0056863995268940926,0.04487983509898186,-0.002729123691096902,0.49900031089782715,14.453485488891602,14.457951545715332
0.0,0.0011884067207574844,8.285797119140625,0.0,-0.004871914628893137,7.786833763122559,0.0010732890805229545,0.0,-0.0013331326190382242,0.0505569763481617,0.0,-0.004107397515326738,-0.020752493292093277,-0.0030283655505627394,0.4990001618862152,14.444713592529297,14.448080062866211
0.0,0.0011478695087134838,8.286031723022461,0.0,-0.004922316875308752,7.7870683670043945,0.0010102896485477686,0.0,-0.0017768024699762464,0.05027903988957405,0.0,-0.0017251480603590608,-0.021073773503303528,-0.0032715736888349056,0.49900028109550476,14.44762134552002,14.450357437133789
0.0,0.0010986635461449623,8.286260604858398,0.0,-0.004925055429339409,7.787296772003174,0.0009408247424289584,0.0,-0.0022060840856283903,0.050027720630168915,0.0,0.0006539035239256918,-0.02136901766061783,-0.003674914361909032,0.4990001916885376,14.44867992401123,14.453217506408691
0.0,0.001048941514454782,8.287137985229492,0.0,-0.004872665740549564,7.788173198699951,0.0008615832193754613,0.0,-0.002653779461979866,0.04682031273841858,0.0,0.0034023672342300415,0.01105336844921112,-0.004249238409101963,0.4989999234676361,14.452665328979492,14.459126472473145
0.0,0.0009926636703312397,8.28813362121582,0.0,-0.004789295140653849,7.787739276885986,0.0007721242145635188,0.0,-0.003005772363394499,0.04972223937511444,0.0,0.005312235094606876,-0.02177773043513298,-0.0046966602094471455,0.5004277229309082,14.457924842834473,14.462958335876465
0.0,0.0009115901775658131,8.287578582763672,0.0,-0.004645548760890961,7.788609504699707,0.0006749349413439631,0.0,-0.0034369858913123608,0.04358915239572525,0.0,0.008293729275465012,0.043449766933918,-0.005022265948355198,0.49900001287460327,14.461612701416016,14.465275764465332
0.0,0.0008325688540935516,8.287795066833496,0.0,-0.004465437959879637,7.78882360458374,0.0005723991780541837,0.0,-0.0037346479948610067,0.04654290899634361,0.0,0.010064338333904743,0.010661475360393524,-0.005231311544775963,0.49899959564208984,14.463029861450195,14.465381622314453
0.0,0.000741167925298214,8.287357330322266,0.0,-0.004250465426594019,7.788382530212402,0.0004662487772293389,0.0,-0.003970860969275236,0.05256986990571022,0.0,0.011412705294787884,-0.05476515367627144,-0.005383729934692383,0.49899977445602417,14.466798782348633,14.468513488769531
0.0,0.0006451364606618881,8.286919593811035,0.0,-0.003996273502707481,7.787940979003906,0.0003577934403438121,0.0,-0.0042367056012153625,0.05261317268013954,0.0,0.013329442590475082,-0.05477265641093254,-0.00546180410310626,0.4990001916885376,14.472187995910645,14.473066329956055
0.0,0.0005508321337401867,8.28713607788086,0.0,-0.003699515014886856,7.788154602050781,0.0002457039663568139,0.0,-0.004493990447372198,0.049690864980220795,0.0,0.015408052131533623,-0.021996840834617615,-0.005747143644839525,0.49899956583976746,14.475740432739258,14.478950500488281
0.0,0.0004480341449379921,8.286701202392578,0.0,-0.0033749104477465153,7.787715911865234,0.00012851465726271272,0.0,-0.00465804897248745,0.05284953862428665,0.0,0.016745544970035553,-0.05459500104188919,-0.00597178703173995,0.4989999234676361,14.477959632873535,14.480486869812012
0.0,0.00034759286791086197,8.286924362182617,0.0,-0.003015516558662057,7.787935256958008,7.626789738424122e-06,0.0,-0.004829754587262869,0.05006634443998337,0.0,0.018441615626215935,-0.021669607609510422,-0.00611699977889657,0.4990004301071167,14.486851692199707,14.488485336303711
0.0,0.0002490798942744732,8.287805557250977,0.0,-0.002625248860567808,7.788814067840576,-0.00011375699250493199,0.0,-0.004972957540303469,0.04424230381846428,0.0,0.020111586898565292,0.044049959629774094,-0.006021378096193075,0.4989997446537018,14.487914085388184,14.486838340759277
0.0,0.0001459240447729826,8.288036346435547,0.0,-0.0022161430679261684,7.789041996002197,-0.00023274005798157305,0.0,-0.005013725720345974,0.04742863029241562,0.0,0.02095385640859604,0.011453833431005478,-0.005876928102225065,0.4989999234676361,14.481914520263672,14.480289459228516
0.0,4.044163506478071e-05,8.287615776062012,0.0,-0.001791211194358766,7.788619518280029,-0.00035169514012522995,0.0,-0.005002059508115053,0.05354999750852585,0.0,0.02150409109890461,-0.053812041878700256,-0.00601858040317893,0.49899962544441223,14.474236488342285,14.475830078125
0.0,-6.330665200948715e-05,8.28719711303711,0.0,-0.0013518772320821881,7.788198947906494,-0.0004730585787910968,0.0,-0.004973775707185268,0.05364817753434181,0.0,0.022153442725539207,-0.05370369926095009,-0.00611776253208518,0.49899980425834656,14.4764986038208,14.477614402770996
0.0,-0.00016438792226836085,8.28678035736084,0.0,-0.0009024087339639664,7.787781238555908,-0.0005940973060205579,0.0,-0.004899507388472557,0.05382492393255234,0.0,0.022588275372982025,-0.05354059487581253,-0.005986113101243973,0.4989996552467346,14.483443260192871,14.481962203979492
0.0,-0.00026187431649304926,8.286367416381836,0.0,-0.00044713253737427294,7.787367820739746,-0.0007114578620530665,0.0,-0.004779517184942961,0.05404041334986687,0.0,0.022806240245699883,-0.05331723019480705,-0.005749940872192383,0.49899962544441223,14.487024307250977,14.484367370605469
0.0,-0.0003548677486833185,8.285959243774414,0.0,9.60365287028253e-06,7.786959171295166,-0.0008217925787903368,0.0,-0.00461485655978322,0.05431078374385834,0.0,0.022807015106081963,-0.05304571986198425,-0.005283530335873365,0.4990001916885376,14.492325782775879,14.487078666687012
0.0,-0.00044377020094543695,8.286211013793945,0.0,0.0004629950853995979,7.7872114181518555,-0.0009222591179423034,0.0,-0.0044053723104298115,0.05156136676669121,0.0,0.02256840281188488,-0.01999775692820549,-0.004763120785355568,0.4990004003047943,14.493647575378418,14.48779296875
0.0,-0.0005292133428156376,8.28712272644043,0.0,0.000907710287719965,7.788125038146973,-0.0010124131804332137,0.0,-0.004143720958381891,0.04579121991991997,0.0,0.02198745496571064,0.045810192823410034,-0.004252290353178978,0.4989997446537018,14.49444580078125,14.488698959350586
0.0,-0.000606643850915134,8.287384033203125,0.0,0.001343010226264596,7.788388252258301,-0.0010926423128694296,0.0,-0.003864652244374156,0.049024567008018494,0.0,0.021414633840322495,0.013254638761281967,-0.003770621260628104,0.49899959564208984,14.4872465133667,14.481827735900879
0.0,-0.0006740455282852054,8.286996841430664,0.0,0.0017658587312325835,7.7880024909973145,-0.0011619062861427665,0.0,-0.0035692513920366764,0.05522766336798668,0.0,0.020838512107729912,-0.05195469409227371,-0.0031557767651975155,0.49900031089782715,14.484369277954102,14.477452278137207
0.0,-0.0007410550024360418,8.287919998168945,0.0,0.002162809483706951,7.788928508758545,-0.001219281111843884,0.0,-0.0031718090176582336,0.0462508499622345,0.0,0.019306369125843048,0.0463385209441185,-0.002581707201898098,0.4989999234676361,14.481388092041016,14.474929809570312
0.0,-0.0007962952367961407,8.288189888000488,0.0,0.00254074577242136,7.789201259613037,-0.0012652694713324308,0.0,-0.002809156198054552,0.04932044446468353,0.0,0.018268538638949394,0.013649165630340576,-0.002017132006585598,0.49899977445602417,14.47582721710205,14.469475746154785
0.0,-0.0008382131345570087,8.28780746459961,0.0,0.002897098893299699,7.788821697235107,-0.0012980725150555372,0.0,-0.002448317827656865,0.0553421787917614,0.0,0.017341261729598045,-0.051701463758945465,-0.0012631781864911318,0.4989997446537018,14.472030639648438,14.46354866027832
0.0,-0.0008708115201443434,8.28742504119873,0.0,0.0032241044100373983,7.7884416580200195,-0.0013176242355257273,0.0,-0.0020273267291486263,0.05538829416036606,0.0,0.015825306996703148,-0.05169064551591873,-0.0006919907755218446,0.4990001618862152,14.476157188415527,14.469731330871582
0.0,-0.0009054983966052532,8.288351058959961,0.0,0.0035079671069979668,7.789371013641357,-0.0013243263820186257,0.0,-0.001514165080152452,0.04638250544667244,0.0,0.013345405459403992,0.04649361968040466,2.1781539544463158e-05,0.49899956583976746,14.47953987121582,14.47150993347168
0.0,-0.0009189555421471596,8.287970542907715,0.0,0.00376890879124403,7.788992881774902,-0.0013166478602215648,0.0,-0.0011470175813883543,0.05555517226457596,0.0,0.012441462837159634,-0.051577046513557434,0.0007460655178874731,0.498999685049057,14.48005199432373,14.471903800964355
0.0,-0.000922707375138998,8.287592887878418,0.0,0.003992997109889984,7.78861665725708,-0.0012921490706503391,0.0,-0.0006933702388778329,0.05566351115703583,0.0,0.010567322373390198,-0.051474425941705704,0.0017038087826222181,0.4990004301071167,14.483105659484863,14.472331047058105
0.0,-0.000930221751332283,8.288525581359863,0.0,0.004165411926805973,7.789551258087158,-0.0012509970692917705,0.0,-0.00014829158317297697,0.046725139021873474,0.0,0.007629312574863434,0.046798013150691986,0.0024113927502185106,0.49900034070014954,14.48460578918457,14.476645469665527
0.0,-0.0009286622516810894,8.289459228515625,0.0,0.004297778010368347,7.790486812591553,-0.001197586301714182,0.0,0.0003023374592885375,0.046712905168533325,0.0,0.005598741117864847,0.04675834998488426,0.002929682843387127,0.49899977445602417,14.471604347229004,14.465773582458496
0.0,-0.0009042625315487385,8.289085388183594,0.0,0.004402851220220327,7.790113925933838,-0.0011334748705849051,0.0,0.0006484527257271111,0.055772170424461365,0.0,0.004560885019600391,-0.05136612430214882,0.003481457708403468,0.498999685049057,14.471087455749512,14.464879989624023
0.0,-0.0008710566908121109,8.288711547851562,0.0,0.00446622958406806,7.789740085601807,-0.0010585552081465721,0.0,0.0010771248489618301,0.055756956338882446,0.0,0.002470499835908413,-0.05140114575624466,0.004010513890534639,0.49900001287460327,14.471488952636719,14.465537071228027
0.0,-0.000829487107694149,8.288337707519531,0.0,0.004487675614655018,7.789365768432617,-0.0009767122101038694,0.0,0.0014893903862684965,0.0557706318795681,0.0,0.0003747703740373254,-0.05142902210354805,0.004173783119767904,0.4990002512931824,14.47142505645752,14.469588279724121
0.0,-0.0007937946356832981,8.289271354675293,0.0,0.004453427158296108,7.790299415588379,-0.000889949151314795,0.0,0.0019789659418165684,0.046767737716436386,0.0,-0.002749714069068432,0.04671698436141014,0.004502525087445974,0.49899953603744507,14.477323532104492,14.473625183105469
0.0,-0.0007370524108409882,8.288899421691895,0.0,0.004391631577163935,7.789926052093506,-0.0007972096791490912,0.0,0.002254065591841936,0.05592560023069382,0.0,-0.0037660314701497555,-0.051360029727220535,0.004771418869495392,0.4989997148513794,14.47644329071045,14.473418235778809
0.0,-0.000673630740493536,8.288529396057129,0.0,0.004289519973099232,7.789554119110107,-0.000697353680152446,0.0,0.0025993958115577698,0.05612841248512268,0.0,-0.005762090906500816,-0.05124788358807564,0.005214178003370762,0.4989999532699585,14.4866361618042,14.48165512084961
0.0,-0.0006042001768946648,8.288163185119629,0.0,0.004148369655013084,7.789186000823975,-0.0005866631399840117,0.0,0.0029157795943319798,0.05640830099582672,0.0,-0.007688127923756838,-0.051031824201345444,0.005854877643287182,0.49899980425834656,14.493600845336914,14.486392974853516
0.0,-0.0005295099690556526,8.287802696228027,0.0,0.00396982254460454,7.788823127746582,-0.0004634849610738456,0.0,0.0031989302951842546,0.05672294646501541,0.0,-0.009526245296001434,-0.05075423792004585,0.006462940480560064,0.49899986386299133,14.496148109436035,14.489307403564453
0.0,-0.0004503966774791479,8.287447929382324,0.0,0.003755864454433322,7.788465976715088,-0.00032923652906902134,0.0,0.0034447188954800367,0.05705063417553902,0.0,-0.011259672231972218,-0.05044708400964737,0.006961903069168329,0.498999685049057,14.496598243713379,14.490984916687012
0.0,-0.00036775413900613785,8.287100791931152,0.0,0.0035087992437183857,7.788115501403809,-0.0001893296284833923,0.0,0.0036497917026281357,0.05737132579088211,0.0,-0.012872937135398388,-0.050131261348724365,0.007028787396848202,0.49900034070014954,14.49374771118164,14.492995262145996
0.0,-0.00028707575984299183,8.287413597106934,0.0,0.0032261351589113474,7.788425922393799,-4.9498165026307106e-05,0.0,0.003835893701761961,0.054631900042295456,0.0,-0.014606250450015068,-0.01708216965198517,0.006954358424991369,0.49900004267692566,14.49097728729248,14.491814613342285
0.0,-0.00020418805070221424,8.287732124328613,0.0,0.0029158229008316994,7.7887420654296875,8.354822057299316e-05,0.0,0.003955331165343523,0.05489693954586983,0.0,-0.01593797467648983,-0.01680552214384079,0.006350279785692692,0.49899980425834656,14.48597240447998,14.492768287658691
0.0,-0.00011648936197161674,8.28740119934082,0.0,0.0025850527454167604,7.7884087562561035,0.000206555167096667,0.0,0.004013753030449152,0.05815466493368149,0.0,-0.016906684264540672,-0.04929298162460327,0.005950414575636387,0.4989997446537018,14.484352111816406,14.488850593566895
0.0,-2.897181548178196e-05,8.28707504272461,0.0,0.002233026549220085,7.788080215454102,0.0003246733685955405,0.0,0.004049848765134811,0.05837150663137436,0.0,-0.017912482842803,-0.04905964434146881,0.0058614048175513744,0.4989999532699585,14.485346794128418,14.486348152160645
0.0,5.5154901929199696e-05,8.287407875061035,0.0,0.0018605286022648215,7.7884111404418945,0.00044179466203786433,0.0,0.004058277700096369,0.05560644716024399,0.0,-0.01889200694859028,-0.016063671559095383,0.0058507234789431095,0.49900001287460327,14.489275932312012,14.489396095275879
0.0,0.0001397515879943967,8.287091255187988,0.0,0.001475886907428503,7.788093090057373,0.0005569306085817516,0.0,0.004000174347311258,0.05888701230287552,0.0,-0.019422801211476326,-0.048529453575611115,0.005662870593369007,0.4989999532699585,14.487223625183105,14.489336967468262
0.0,0.00022156443446874619,8.286779403686523,0.0,0.001080729067325592,7.787780284881592,0.0006673151510767639,0.0,0.003911587409675121,0.05915598198771477,0.0,-0.019886283203959465,-0.04825003817677498,0.005375581327825785,0.49899986386299133,14.488040924072266,14.491272926330566
0.0,0.0002997631090693176,8.286473274230957,0.0,0.0006788074388168752,7.787473678588867,0.0007721641450189054,0.0,0.0037824532482773066,0.059462666511535645,0.0,-0.02016158401966095,-0.047941215336322784,0.005109315272420645,0.4989997446537018,14.490887641906738,14.49388313293457
0.0,0.00037355232052505016,8.286173820495605,0.0,0.00027389972819946706,7.787173748016357,0.0008691039984114468,0.0,0.0036140724550932646,0.059772148728370667,0.0,-0.020248014479875565,-0.04761093482375145,0.004584667272865772,0.49900007247924805,14.489758491516113,14.495660781860352
0.0,0.0004429939144756645,8.286535263061523,0.0,-0.00013009508256800473,7.787535190582275,0.0009532340918667614,0.0,0.0034082112833857536,0.05701211094856262,0.0,-0.02014009840786457,-0.01455407589673996,0.003828339744359255,0.4990004003047943,14.48580551147461,14.494314193725586
0.0,0.0005086534656584263,8.287555694580078,0.0,-0.0005285234656184912,7.7885565757751465,0.001020643045194447,0.0,0.00315972906537354,0.05117253586649895,0.0,-0.019747579470276833,0.05117702856659889,0.002912558149546385,0.4990001916885376,14.481255531311035,14.491558074951172
0.0,0.0005691822152584791,8.288578033447266,0.0,-0.0009188002441078424,7.789580345153809,0.0010721057187765837,0.0,0.0028891023248434067,0.051224347203969955,0.0,-0.019250571727752686,0.0512065514922142,0.002233711536973715,0.4989998936653137,14.469621658325195,14.477258682250977
0.0,0.0006214666645973921,8.288946151733398,0.0,-0.0012993388809263706,7.789949893951416,0.001109258271753788,0.0,0.002602023771032691,0.05420022830367088,0.0,-0.018677450716495514,0.018445849418640137,0.001481537939980626,0.4989999532699585,14.461647033691406,14.470108985900879
0.0,0.0006639494094997644,8.288661003112793,0.0,-0.0016675784718245268,7.789666175842285,0.0011313672875985503,0.0,0.002310195006430149,0.06007549911737442,0.0,-0.01812013052403927,-0.04694751277565956,0.0007293643429875374,0.49900028109550476,14.453401565551758,14.46186351776123
0.0,0.0007059737108647823,8.289678573608398,0.0,-0.0020111463963985443,7.790686130523682,0.0011385463876649737,0.0,0.001932507730089128,0.05084620788693428,0.0,-0.016669515520334244,0.050917692482471466,-1.1449912562966347e-05,0.49899983406066895,14.454273223876953,14.462607383728027
0.0,0.0007330405060201883,8.289386749267578,0.0,-0.002340745646506548,7.790395736694336,0.0011309431865811348,0.0,0.0016355107072740793,0.0597209595143795,0.0,-0.01608922705054283,-0.04729219526052475,-0.000748873339034617,0.4990004599094391,14.450846672058105,14.459142684936523
0.0,0.0007610558532178402,8.290397644042969,0.0,-0.0026379390619695187,7.791409015655518,0.0011104326695203781,0.0,0.0012215032475069165,0.05050141364336014,0.0,-0.014212755486369133,0.05058535933494568,-0.0013021740596741438,0.4990001916885376,14.456063270568848,14.462287902832031
0.0,0.0007818506564944983,8.291403770446777,0.0,-0.002908457536250353,7.792417526245117,0.0010802930919453502,0.0,0.0008579372079111636,0.05021551623940468,0.0,-0.012820043601095676,0.05027846619486809,-0.0017117877723649144,0.4989998936653137,14.446239471435547,14.450847625732422
0.0,0.000790151534602046,8.29175090789795,0.0,-0.0031548587139695883,7.792766571044922,0.001043104799464345,0.0,0.0005141946603544056,0.05286352336406708,0.0,-0.011562061496078968,0.01724976673722267,-0.002007045317441225,0.4989999234676361,14.440408706665039,14.443730354309082
0.0,0.0007908290717750788,8.292091369628906,0.0,-0.003370316931977868,7.7931084632873535,0.0009987482335418463,0.0,0.00017340926569886506,0.055494505912065506,0.0,-0.010242140851914883,-0.015740327537059784,-0.0024286117404699326,0.4990002512931824,14.438791275024414,14.443533897399902
0.0,0.0007896467577666044,8.293076515197754,0.0,-0.0035476970952004194,7.794095516204834,0.0009439190616831183,0.0,-0.00023963194689713418,0.04911905899643898,0.0,-0.008028678596019745,0.0491805337369442,-0.0030543068423867226,0.49899983406066895,14.441650390625,14.448689460754395
0.0,0.0007754166144877672,8.293402671813965,0.0,-0.0036967324558645487,7.794422626495361,0.0008796548354439437,0.0,-0.0005416827043518424,0.054809559136629105,0.0,-0.006874865852296352,-0.016468655318021774,-0.0033721134532243013,0.49900007247924805,14.441770553588867,14.445345878601074
0.0,0.0007480643689632416,8.293068885803223,0.0,-0.003816674929112196,7.7940897941589355,0.00080841314047575,0.0,-0.000831418379675597,0.06057625263929367,0.0,-0.005698443856090307,-0.08208464086055756,-0.0037520574405789375,0.4989999532699585,14.446770668029785,14.451045036315918
0.0,0.0007137833163142204,8.292730331420898,0.0,-0.0039007398299872875,7.793751239776611,0.0007308627828024328,0.0,-0.0011905592400580645,0.057360172271728516,0.0,-0.003600723808631301,-0.04969214275479317,-0.0040029799565672874,0.4990004301071167,14.45371150970459,14.456534385681152
0.0,0.0006790542975068092,8.29304027557373,0.0,-0.0039425259456038475,7.79406213760376,0.000649173860438168,0.0,-0.0015344393905252218,0.054178595542907715,0.0,-0.0014836466871201992,-0.01721879094839096,-0.004165909718722105,0.49899953603744507,14.457039833068848,14.45887279510498
0.0,0.000632232055068016,8.292695045471191,0.0,-0.003954064566642046,7.793715953826904,0.000563625362701714,0.0,-0.001804121071472764,0.057096924632787704,0.0,2.4934939574450254e-05,-0.050042346119880676,-0.0043889423832297325,0.4990001618862152,14.460339546203613,14.462848663330078
0.0,0.0005857679061591625,8.293001174926758,0.0,-0.003923564217984676,7.794021129608154,0.00047426638775505126,0.0,-0.0020819222554564476,0.05702688544988632,0.0,0.0018235850147902966,-0.05015198513865471,-0.004546955693513155,0.4990004301071167,14.46345043182373,14.465228080749512
0.0,0.0005399058572947979,8.293959617614746,0.0,-0.003851784858852625,7.794978618621826,0.0003817861434072256,0.0,-0.002417874988168478,0.04791383072733879,0.0,0.004460510797798634,0.04785046726465225,-0.0047010695561766624,0.49900031089782715,14.466270446777344,14.46800422668457
0.0,0.0004892158322036266,8.294916152954102,0.0,-0.0037455172277987003,7.795933723449707,0.0002861091634258628,0.0,-0.0026464429683983326,0.04773155599832535,0.0,0.006155988201498985,0.0476490817964077,-0.004866627510637045,0.4990003705024719,14.4552583694458,14.457120895385742
0.0,0.0004342219326645136,8.295866966247559,0.0,-0.0036060165148228407,7.796883583068848,0.00018812980852089822,0.0,-0.0028477166779339314,0.04742920771241188,0.0,0.007781376130878925,0.04732777923345566,-0.00493130786344409,0.4989997148513794,14.446969985961914,14.447697639465332
0.0,0.0003655578475445509,8.295506477355957,0.0,-0.003445251611992717,7.796521186828613,8.887888543540612e-05,0.0,-0.002948048757389188,0.056234732270240784,0.0,0.0085444962605834,-0.050913937389850616,-0.004993784241378307,0.49899983406066895,14.449762344360352,14.450465202331543
0.0,0.00029911985620856285,8.295794486999512,0.0,-0.003249749541282654,7.796807289123535,-1.019486808218062e-05,0.0,-0.0031150474678725004,0.05302314832806587,0.0,0.010257395915687084,-0.018469657748937607,-0.004913590848445892,0.49899980425834656,14.456197738647461,14.45529556274414
0.0,0.0002305640373378992,8.2960786819458,0.0,-0.0030263871885836124,7.797089576721191,-0.00010908551485044882,0.0,-0.003227919340133667,0.05283403769135475,0.0,0.011614116840064526,-0.01866348832845688,-0.004975473508238792,0.4989997446537018,14.455427169799805,14.456123352050781
0.0,0.00016056117601692677,8.29636001586914,0.0,-0.0027774511836469173,7.79736852645874,-0.00020696822321042418,0.0,-0.0033087090123444796,0.05274742469191551,0.0,0.01285296119749546,-0.01878751814365387,-0.004812797997146845,0.4990001320838928,14.464043617248535,14.462213516235352
0.0,9.315670467913151e-05,8.297292709350586,0.0,-0.0025015901774168015,7.798299312591553,-0.00030069038621149957,0.0,-0.0033906009048223495,0.046587198972702026,0.0,0.014325703494250774,0.046471450477838516,-0.004559417255222797,0.4990001320838928,14.46323013305664,14.460379600524902
0.0,2.5149434804916382e-05,8.298221588134766,0.0,-0.00220535509288311,7.799226760864258,-0.0003891465603373945,0.0,-0.003404437331482768,0.04640103131532669,0.0,0.015273967757821083,0.04626733064651489,-0.004286200273782015,0.49899980425834656,14.457447052001953,14.454373359680176
0.0,-4.5190914534032345e-05,8.298492431640625,0.0,-0.0018945317715406418,7.799496173858643,-0.00047132797772064805,0.0,-0.003372896695509553,0.049148108810186386,0.0,0.01592935249209404,0.013322405517101288,-0.00393194193020463,0.498999685049057,14.451266288757324,14.447280883789062
0.0,-0.00011617096606642008,8.29810619354248,0.0,-0.0015713573666289449,7.799108028411865,-0.0005469269235618412,0.0,-0.0033038698602467775,0.05490633845329285,0.0,0.01636204496026039,-0.052203305065631866,-0.0036279528867453337,0.49900028109550476,14.450608253479004,14.447188377380371
0.0,-0.00018203712534159422,8.299019813537598,0.0,-0.0012332131154835224,7.800021171569824,-0.0006172005669213831,0.0,-0.003251197747886181,0.04562908783555031,0.0,0.0171402208507061,0.04555347189307213,-0.0033994100522249937,0.4989997446537018,14.455804824829102,14.45323371887207
0.0,-0.00024763180408626795,8.298623085021973,0.0,-0.0008893008343875408,7.799623489379883,-0.0006810248014517128,0.0,-0.0031261786352843046,0.05452325567603111,0.0,0.01729303039610386,-0.05264514312148094,-0.002983014564961195,0.49900001287460327,14.458711624145508,14.45402717590332
0.0,-0.00030932523077353835,8.298876762390137,0.0,-0.0005397763452492654,7.799876689910889,-0.0007349011721089482,0.0,-0.002996570896357298,0.05134875327348709,0.0,0.0175333209335804,-0.020091142505407333,-0.0024046218022704124,0.4990001320838928,14.46219253540039,14.45568561553955
0.0,-0.0003677391796372831,8.29978084564209,0.0,-0.00018813885981217027,7.800780773162842,-0.0007783023756928742,0.0,-0.0028380323201417923,0.04516638070344925,0.0,0.0175734031945467,0.04514005035161972,-0.0019354987889528275,0.49900010228157043,14.46277904510498,14.457501411437988
0.0,-0.0004226911114528775,8.300681114196777,0.0,0.00016209128079935908,7.801681041717529,-0.0008130196365527809,0.0,-0.0026536276564002037,0.04491855576634407,0.0,0.01742311380803585,0.044875554740428925,-0.0015362270642071962,0.4990004003047943,14.453620910644531,14.449129104614258
0.0,-0.0004737391136586666,8.301573753356934,0.0,0.0005077358800917864,7.80257511138916,-0.0008406093693338335,0.0,-0.0024480908177793026,0.04458053410053253,0.0,0.01711541973054409,0.04452097788453102,-0.0012227436527609825,0.49899959564208984,14.446486473083496,14.442959785461426
0.0,-0.0005168325733393431,8.301155090332031,0.0,0.0008485084399580956,7.802156448364258,-0.0008627686183899641,0.0,-0.0022432133555412292,0.05336184427142143,0.0,0.01687251590192318,-0.05373116955161095,-0.0009931835811585188,0.4990004897117615,14.44970989227295,14.447127342224121
0.0,-0.0005587971536442637,8.302038192749023,0.0,0.001174742472358048,7.803040981292725,-0.0008794525056146085,0.0,-0.00197532563470304,0.044070105999708176,0.0,0.015995124354958534,0.044105418026447296,-0.0006752073531970382,0.49900022149086,14.455830574035645,14.452253341674805
0.0,-0.0005957356188446283,8.302915573120117,0.0,0.0014873757027089596,7.803919792175293,-0.0008891724864952266,0.0,-0.0017164918826892972,0.04376884177327156,0.0,0.015245345421135426,0.04378807172179222,-0.0002967893669847399,0.4990001320838928,14.449566841125488,14.44530963897705
0.0,-0.0006273549515753984,8.30378532409668,0.0,0.0017836717888712883,7.804791450500488,-0.0008916810038499534,0.0,-0.0014441446401178837,0.043392788618803024,0.0,0.014362829737365246,0.04339605197310448,4.5940018026158214e-05,0.498999685049057,14.44385051727295,14.439994812011719
0.0,-0.0006498261354863644,8.303995132446289,0.0,0.0020642164163291454,7.805002689361572,-0.0008881614194251597,0.0,-0.0011750790290534496,0.04602498561143875,0.0,0.013514130376279354,0.010358422994613647,0.000306017609545961,0.49899980425834656,14.442407608032227,14.439481735229492
0.0,-0.000666140578687191,8.30419921875,0.0,0.002323469612747431,7.8052077293396,-0.0008791698492132127,0.0,-0.0009002550505101681,0.04867424815893173,0.0,0.012589141726493835,-0.022579409182071686,0.0005931372288614511,0.4990004301071167,14.444334983825684,14.441104888916016
0.0,-0.000680428696796298,8.305047035217285,0.0,0.0025553659070283175,7.806057929992676,-0.0008658337756060064,0.0,-0.0005641226889565587,0.04225095734000206,0.0,0.010975553654134274,0.04231363907456398,0.0007404693169519305,0.49899959564208984,14.442593574523926,14.440936088562012
0.0,-0.0006796026136726141,8.304582595825195,0.0,0.0027705032844096422,7.8055949211120605,-0.000849370495416224,0.0,-0.00031914960709400475,0.050977420061826706,0.0,0.010312509723007679,-0.05596427246928215,0.0009058576542884111,0.49899959564208984,14.445486068725586,14.443625450134277
0.0,-0.0006721182726323605,8.304112434387207,0.0,0.002958575263619423,7.805125713348389,-0.0008260263712145388,0.0,-1.1984870070591569e-05,0.05074870586395264,0.0,0.008934244513511658,-0.056246478110551834,0.0014285559300333261,0.4989999234676361,14.455493927001953,14.449613571166992
0.0,-0.0006629843264818192,8.304291725158691,0.0,0.00311328680254519,7.8053059577941895,-0.0007924893870949745,0.0,0.00034046266227960587,0.044619206339120865,0.0,0.007002480328083038,0.008953575044870377,0.0019251448102295399,0.49900004267692566,14.466307640075684,14.460721015930176
0.0,-0.0006475665140897036,8.304469108581543,0.0,0.003238413482904434,7.805483818054199,-0.0007492266013287008,0.0,0.0005981448921374977,0.05054405331611633,0.0,0.006004855502396822,-0.05652930960059166,0.002401134232059121,0.4990004003047943,14.463091850280762,14.45773696899414
0.0,-0.0006311915349215269,8.305296897888184,0.0,0.0033278607297688723,7.8063130378723145,-0.0006980665493756533,0.0,0.0009668744169175625,0.04139740765094757,0.0,0.0036985394544899464,0.04141802713274956,0.002714871894568205,0.49899956583976746,14.466291427612305,14.462761878967285
0.0,-0.0005984778981655836,8.304817199707031,0.0,0.003396620275452733,7.805833339691162,-0.0006426018080674112,0.0,0.0011830739676952362,0.050442274659872055,0.0,0.0029156699310988188,-0.056707460433244705,0.0028316015377640724,0.49899983406066895,14.467656135559082,14.46634292602539
0.0,-0.0005600987933576107,8.304336547851562,0.0,0.0034339921548962593,7.805352687835693,-0.0005835393676534295,0.0,0.001460061757825315,0.050509221851825714,0.0,0.0013449386460706592,-0.0567079596221447,0.0030746401753276587,0.49899983406066895,14.475637435913086,14.47290325164795
0.0,-0.0005164188332855701,8.303857803344727,0.0,0.0034399698488414288,7.804873466491699,-0.0005196356796659529,0.0,0.001723463530652225,0.05062049254775047,0.0,-0.00022115558385849,-0.05663689225912094,0.0033157290890812874,0.49900001287460327,14.479063987731934,14.476351737976074
0.0,-0.00047292723320424557,8.304036140441895,0.0,0.0034096890594810247,7.805050849914551,-0.0004524962860159576,0.0,0.002018717583268881,0.04472406581044197,0.0,-0.0022833431139588356,0.008932780474424362,0.00339821120724082,0.4990004003047943,14.482017517089844,14.48108959197998
0.0,-0.00042975088581442833,8.30487060546875,0.0,0.003343787509948015,7.805884838104248,-0.00038201434654183686,0.0,0.002271419856697321,0.04180106893181801,0.0,-0.004045021720230579,0.04175089672207832,0.00364998122677207,0.49900004267692566,14.478979110717773,14.476146697998047
0.0,-0.0003727045841515064,8.304398536682129,0.0,0.003257942385971546,7.8054118156433105,-0.0003076202410738915,0.0,0.002390295499935746,0.05388188362121582,0.0,-0.004530149977654219,-0.08906315267086029,0.0037894295528531075,0.4989999234676361,14.468402862548828,14.46683406829834
0.0,-0.00031220726668834686,8.303926467895508,0.0,0.003143664915114641,7.804938316345215,-0.00022965641983319074,0.0,0.002600032603368163,0.05085976794362068,0.0,-0.006172521971166134,-0.0563901923596859,0.0040069520473480225,0.49900010228157043,14.47118854522705,14.468741416931152
0.0,-0.0002530268393456936,8.304108619689941,0.0,0.0029976973310112953,7.805119037628174,-0.00014644867042079568,0.0,0.0027848174795508385,0.04794931784272194,0.0,-0.007731390651315451,-0.023622773587703705,0.00431382330134511,0.4990001618862152,14.479818344116211,14.47636604309082
0.0,-0.00019119097851216793,8.304292678833008,0.0,0.0028261716943234205,7.805302143096924,-5.82165303057991e-05,0.0,0.0029224089812487364,0.04804636165499687,0.0,-0.008979588747024536,-0.02352544665336609,0.004509390331804752,0.4989996552467346,14.478009223937988,14.475809097290039
0.0,-0.00012369523756206036,8.303825378417969,0.0,0.002634878968819976,7.804832935333252,3.0507289920933545e-05,0.0,0.00301378034055233,0.05119752511382103,0.0,-0.009934867732226849,-0.05613331124186516,0.004362990614026785,0.49900007247924805,14.47783088684082,14.479477882385254
0.0,-5.834060721099377e-05,8.304014205932617,0.0,0.0024182687047868967,7.805020809173584,0.00011581822036532685,0.0,0.0031119119375944138,0.04833429306745529,0.0,-0.011164966970682144,-0.02326539158821106,0.00416810205206275,0.49899953603744507,14.48081111907959,14.483003616333008
0.0,1.0708579793572426e-05,8.303552627563477,0.0,0.0021854203660041094,7.8045573234558105,0.0001986767165362835,0.0,0.003149692201986909,0.05155391991138458,0.0,-0.01193759310990572,-0.05581189692020416,0.004117748234421015,0.49900004267692566,14.483376502990723,14.483942985534668
0.0,7.959664799273014e-05,8.303093910217285,0.0,0.0019352553645148873,7.804097652435303,0.0002793209860101342,0.0,0.0031624536495655775,0.054803915321826935,0.0,-0.01263001374900341,-0.08833836764097214,0.00394668010994792,0.4989997148513794,14.48487377166748,14.486798286437988
0.0,0.00014568702317774296,8.303296089172363,0.0,0.001668476383201778,7.804297924041748,0.00035639130510389805,0.0,0.0031803310848772526,0.04906068369746208,0.0,-0.013560885563492775,-0.02257968857884407,0.0037603534292429686,0.4990004897117615,14.492027282714844,14.494123458862305
0.0,0.00021088519133627415,8.30350399017334,0.0,0.0013894847361370921,7.804504871368408,0.00043075234862044454,0.0,0.003147177631035447,0.04936150833964348,0.0,-0.014115740545094013,-0.02226460725069046,0.003675751853734255,0.4990004897117615,14.491551399230957,14.49250316619873
0.0,0.0002735278685577214,8.304370880126953,0.0,0.001099896151572466,7.8053717613220215,0.0005003458936698735,0.0,0.0030980126466602087,0.04351272061467171,0.0,-0.01466528233140707,0.04345846548676491,0.00328360078856349,0.49899980425834656,14.48352336883545,14.487935066223145
0.0,0.000335794611601159,8.303933143615723,0.0,0.0008057407103478909,7.804933547973633,0.0005626245401799679,0.0,0.0029945874121040106,0.05276775360107422,0.0,-0.014781098812818527,-0.0545656643807888,0.002944262232631445,0.49899980425834656,14.479907989501953,14.483725547790527
0.0,0.0003949680249206722,8.303499221801758,0.0,0.000507886812556535,7.80449914932251,0.0006203543744049966,0.0,0.0028804379981011152,0.052920110523700714,0.0,-0.014919212087988853,-0.05437159538269043,0.002828719327226281,0.49900007247924805,14.48060131072998,14.481901168823242
0.0,0.0004512446466833353,8.304377555847168,0.0,0.00020908084115944803,7.80537748336792,0.0006752986228093505,0.0,0.0027410525362938643,0.04403682425618172,0.0,-0.014915889129042625,0.04402013495564461,0.00266570458188653,0.4990001320838928,14.484164237976074,14.485998153686523
0.0,0.0005044480785727501,8.305257797241211,0.0,-8.782334043644369e-05,7.806258201599121,0.00072745222132653,0.0,0.002575412392616272,0.0440836139023304,0.0,-0.014751600101590157,0.04405437409877777,0.0025496529415249825,0.4989999532699585,14.472475051879883,14.473780632019043
0.0,0.0005528385518118739,8.3054838180542,0.0,-0.0003808527544606477,7.806484699249268,0.0007752816309221089,0.0,0.0023900852538645267,0.04703688994050026,0.0,-0.014490163885056973,0.011283054947853088,0.0022332873195409775,0.4989999830722809,14.462501525878906,14.466060638427734
0.0,0.0005950857885181904,8.305055618286133,0.0,-0.000667991116642952,7.806056976318359,0.0008136777323670685,0.0,0.0021929568611085415,0.05300924554467201,0.0,-0.014202235266566277,-0.05410759896039963,0.0016063206130638719,0.49900022149086,14.460671424865723,14.467724800109863
0.0,0.0006341353873722255,8.305279731750488,0.0,-0.0009435492684133351,7.806282043457031,0.0008398133795708418,0.0,0.001958038890734315,0.04995691776275635,0.0,-0.013581221923232079,-0.02145623043179512,0.001007243525236845,0.4990001618862152,14.464424133300781,14.471163749694824
0.0,0.0006680135848000646,8.305502891540527,0.0,-0.0012067079078406096,7.806506633758545,0.0008534164517186582,0.0,0.0017152990913018584,0.04993746429681778,0.0,-0.012922015972435474,-0.021470747888088226,0.0003530652611516416,0.49899977445602417,14.464672088623047,14.472031593322754
0.0,0.0006936270510777831,8.305072784423828,0.0,-0.0014575956156477332,7.806077003479004,0.0008556924294680357,0.0,0.0014717349549755454,0.052938900887966156,0.0,-0.012271547690033913,-0.05418267846107483,-0.00012546736979857087,0.4990004301071167,14.465211868286133,14.470595359802246
0.0,0.0007196333026513457,8.305949211120605,0.0,-0.001685771974734962,7.806954860687256,0.0008473813650198281,0.0,0.001166885020211339,0.04380720481276512,0.0,-0.010952351614832878,0.043852679431438446,-0.0007056404720060527,0.4990001320838928,14.462823867797852,14.469350814819336
0.0,0.0007367994403466582,8.306169509887695,0.0,-0.0018983696354553103,7.80717658996582,0.0008287341333925724,0.0,0.0009261445957235992,0.049662020057439804,0.0,-0.010292408987879753,-0.0216846764087677,-0.001159080769866705,0.49899986386299133,14.452796936035156,14.457898139953613
0.0,0.0007444710936397314,8.305732727050781,0.0,-0.002093731192871928,7.806741237640381,0.0008005484705790877,0.0,0.0006691127782687545,0.052543360739946365,0.0,-0.009403029456734657,-0.054509490728378296,-0.0016594843473285437,0.49899956583976746,14.456276893615723,14.461906433105469
0.0,0.0007461505010724068,8.305294036865234,0.0,-0.002266806550323963,7.80630350112915,0.0007658371469005942,0.0,0.00039580228622071445,0.05250804126262665,0.0,-0.00826470647007227,-0.05460508167743683,-0.0018116483697667718,0.49899962544441223,14.46591854095459,14.467630386352539
0.0,0.0007419318426400423,8.304855346679688,0.0,-0.00241621071472764,7.805865287780762,0.0007265108870342374,0.0,0.00012420822167769074,0.05259381979703903,0.0,-0.0070608993992209435,-0.05459034442901611,-0.0021209779661148787,0.49900004267692566,14.473896980285645,14.477376937866211
0.0,0.0007362742908298969,8.305071830749512,0.0,-0.002536649350076914,7.806082725524902,0.0006826501921750605,0.0,-0.00016253361536655575,0.04965075105428696,0.0,-0.005596567410975695,-0.021802041679620743,-0.002265088725835085,0.49899983406066895,14.475214004516602,14.476835250854492
0.0,0.0007207808084785938,8.304636001586914,0.0,-0.002635652432218194,7.805647373199463,0.0006341516855172813,0.0,-0.0004041642532683909,0.052729763090610504,0.0,-0.00451288977637887,-0.05445437505841255,-0.002584760310128331,0.4989999234676361,14.471712112426758,14.475308418273926
0.0,0.000704446341842413,8.304855346679688,0.0,-0.0027038289699703455,7.8058671951293945,0.0005809119320474565,0.0,-0.000677869189530611,0.04981137812137604,0.0,-0.0029647764749825,-0.021667897701263428,-0.0027392131742089987,0.49899980425834656,14.47680950164795,14.478547096252441
0.0,0.0006786156445741653,8.304423332214355,0.0,-0.002749703824520111,7.805434703826904,0.0005245263455435634,0.0,-0.0009001601720228791,0.052931949496269226,0.0,-0.0018448801711201668,-0.05429434776306152,-0.0028993457090109587,0.4990004003047943,14.475576400756836,14.477377891540527
0.0,0.0006570334080606699,8.30530071258545,0.0,-0.002759635914117098,7.806312561035156,0.00046316892257891595,0.0,-0.001172625576145947,0.04695499688386917,0.0,-4.735973197966814e-05,0.011204954236745834,-0.0032363953068852425,0.49899983406066895,14.473783493041992,14.477575302124023
0.0,0.0006318088271655142,8.30630111694336,0.0,-0.0027516710106283426,7.805882930755615,0.0003984884824603796,0.0,-0.001367999124340713,0.050037652254104614,0.0,0.001064984011463821,-0.02145882323384285,-0.0032316481228917837,0.500429630279541,14.473710060119629,14.47365665435791
0.0,0.0005921463016420603,8.305750846862793,0.0,-0.002708347048610449,7.806761741638184,0.00033279164927080274,0.0,-0.0016089418204501271,0.04396843537688255,0.0,0.0028202945832163095,0.04393801465630531,-0.0033380358945578337,0.49900001287460327,14.468210220336914,14.469407081604004
0.0,0.0005539408884942532,8.305975914001465,0.0,-0.002643420360982418,7.806985855102539,0.00026540193357504904,0.0,-0.0017713304841890931,0.04688778147101402,0.0,0.0038817718159407377,0.011140342801809311,-0.003400936024263501,0.49900028109550476,14.461468696594238,14.462176322937012
0.0,0.0005164585309103131,8.306851387023926,0.0,-0.002549197757616639,7.807860851287842,0.00019721791613847017,0.0,-0.0019356922712177038,0.04674409702420235,0.0,0.005121688358485699,0.010996054857969284,-0.003417466301470995,0.4989999532699585,14.459057807922363,14.459243774414062
0.0,0.00047664635349065065,8.307845115661621,0.0,-0.0024389338213950396,7.807425498962402,0.00012796577357221395,0.0,-0.002060679020360112,0.049617595970630646,0.0,0.006095064338296652,-0.021839097142219543,-0.003507747547701001,0.5004280805587769,14.45798397064209,14.458999633789062
0.0,0.00042567169293761253,8.307287216186523,0.0,-0.002298227744176984,7.808294296264648,5.983430310152471e-05,0.0,-0.0022184697445482016,0.04340892285108566,0.0,0.007582764141261578,0.04334866628050804,-0.003305399091914296,0.49900034070014954,14.45922565460205,14.456949234008789
0.0,0.00038025202229619026,8.308151245117188,0.0,-0.0021361440885812044,7.809157848358154,-5.171656084712595e-06,0.0,-0.0023195832036435604,0.04309804365038872,0.0,0.008612037636339664,0.04302752763032913,-0.003195196622982621,0.4989997446537018,14.447379112243652,14.446139335632324
0.0,0.00033006188459694386,8.308356285095215,0.0,-0.0019576118793338537,7.809361934661865,-6.908067734912038e-05,0.0,-0.0023837487678974867,0.04577735438942909,0.0,0.009390825405716896,0.01003320887684822,-0.003195705357939005,0.49899959564208984,14.444387435913086,14.444393157958984
0.0,0.0002762093208730221,8.307903289794922,0.0,-0.0017639689613133669,7.8089070320129395,-0.00013154264888726175,0.0,-0.0024146700743585825,0.051522135734558105,0.0,0.009957214817404747,-0.05555678904056549,-0.003050492610782385,0.4990004301071167,14.448403358459473,14.446769714355469
0.0,0.0002267877571284771,8.308749198913574,0.0,-0.0015491452068090439,7.809751987457275,-0.00019225580035708845,0.0,-0.002486498560756445,0.042180389165878296,0.0,0.011107378639280796,0.04211802035570145,-0.0030208227690309286,0.4990003705024719,14.449817657470703,14.449483871459961
0.0,0.00017689878586679697,8.309589385986328,0.0,-0.0013203872367739677,7.810591220855713,-0.0002517813118174672,0.0,-0.002498473273590207,0.04185440391302109,0.0,0.011750200763344765,0.04178212210536003,-0.00293172849342227,0.4990004003047943,14.446149826049805,14.445147514343262
0.0,0.00012699677608907223,8.310420989990234,0.0,-0.0010798845905810595,7.811422824859619,-0.00030972075182944536,0.0,-0.0024875400122255087,0.04146704822778702,0.0,0.012281087227165699,0.041384950280189514,-0.002862216206267476,0.49899962544441223,14.441514015197754,14.4407320022583
0.0,7.639243267476559e-05,8.310592651367188,0.0,-0.0008314949227496982,7.811593532562256,-0.0003637980262283236,0.0,-0.0024465133901685476,0.0440775491297245,0.0,0.012617235071957111,0.008334517478942871,-0.002545511582866311,0.4989999234676361,14.441177368164062,14.437614440917969
0.0,2.634967677295208e-05,8.310104370117188,0.0,-0.0005769726121798158,7.811104774475098,-0.00041267459164373577,0.0,-0.002381681464612484,0.04975443705916405,0.0,0.012814998626708984,-0.057262763381004333,-0.0023421458899974823,0.4989999532699585,14.444103240966797,14.441815376281738
0.0,-2.112027141265571e-05,8.310261726379395,0.0,-0.00031712724012322724,7.811262130737305,-0.0004560427332762629,0.0,-0.0023122387938201427,0.04342150688171387,0.0,0.013070483691990376,0.0077199190855026245,-0.0019946694374084473,0.498999685049057,14.4503755569458,14.446466445922852
0.0,-6.641589425271377e-05,8.31041431427002,0.0,-5.495810182765126e-05,7.8114142417907715,-0.0004912915173918009,0.0,-0.0022159095387905836,0.04617903381586075,0.0,0.013127047568559647,-0.025195233523845673,-0.001530208857730031,0.49900007247924805,14.452778816223145,14.447553634643555
0.0,-0.00010961756925098598,8.311214447021484,0.0,0.0002071069902740419,7.812214374542236,-0.0005180894513614476,0.0,-0.0021016013342887163,0.039890944957733154,0.0,0.013060994446277618,0.03988189622759819,-0.0011495868675410748,0.4990001618862152,14.454179763793945,14.449897766113281
0.0,-0.00015037262346595526,8.31200885772705,0.0,0.00046668853610754013,7.813008785247803,-0.000539910513907671,0.0,-0.0019713579677045345,0.03956913575530052,0.0,0.012877522967755795,0.0395507775247097,-0.0010325179900974035,0.4990004599094391,14.446619987487793,14.445302963256836
0.0,-0.0001883676741272211,8.31279468536377,0.0,0.0007214319775812328,7.813795566558838,-0.0005579558783210814,0.0,-0.0018260725773870945,0.03916550427675247,0.0,0.012577692978084087,0.039137907326221466,-0.0007720165303908288,0.4989999532699585,14.441393852233887,14.43846321105957
0.0,-0.00022172636818140745,8.312919616699219,0.0,0.0009702336974442005,7.8139214515686035,-0.0005692619015462697,0.0,-0.0016726860776543617,0.04173358157277107,0.0,0.012224540114402771,0.006053153425455093,-0.00035858809133060277,0.49899956583976746,14.438644409179688,14.433993339538574
0.0,-0.0002494793152436614,8.312384605407715,0.0,0.0012114279670640826,7.813386917114258,-0.0005739092011936009,0.0,-0.0015181873459368944,0.0473579503595829,0.0,0.011877445504069328,-0.05957093462347984,-0.00010613989434204996,0.49899980425834656,14.440668106079102,14.437828063964844
0.0,-0.00027524703182280064,8.312494277954102,0.0,0.001439084648154676,7.813497066497803,-0.0005732676363550127,0.0,-0.001319902134127915,0.040978267788887024,0.0,0.01106269285082817,0.005342841148376465,0.00017029853188432753,0.4990001320838928,14.446391105651855,14.443281173706055
0.0,-0.00029956107027828693,8.313250541687012,0.0,0.001651048893108964,7.814254283905029,-0.0005662046605721116,0.0,-0.001120754168368876,0.03767675533890724,0.0,0.01023046113550663,0.037709955126047134,0.0005360008799470961,0.49900007247924805,14.451252937316895,14.447138786315918
0.0,-0.00031718751415610313,8.313347816467285,0.0,0.0018504047766327858,7.814352512359619,-0.000553364516235888,0.0,-0.0009509100927971303,0.04341655969619751,0.0,0.009690926410257816,-0.02789999172091484,0.0007480132626369596,0.49900001287460327,14.448320388793945,14.445935249328613
0.0,-0.0003274735063314438,8.312787055969238,0.0,0.00203558336943388,7.8137922286987305,-0.0005376175977289677,0.0,-0.0007660299888812006,0.046217773109674454,0.0,0.008955979719758034,-0.06080241501331329,0.0008266807999461889,0.4990004301071167,14.45363712310791,14.452752113342285
0.0,-0.0003365806769579649,8.312874794006348,0.0,0.0021991203539073467,7.813880920410156,-0.000519627588801086,0.0,-0.0005503987777046859,0.04302065446972847,0.0,0.007850480265915394,-0.028333522379398346,0.0009723174734972417,0.49900031089782715,14.457696914672852,14.456058502197266
0.0,-0.00034493044950067997,8.31361198425293,0.0,0.0023393239825963974,7.814619541168213,-0.0004990605521015823,0.0,-0.0003154914011247456,0.03682083636522293,0.0,0.0064922235906124115,0.03685300797224045,0.0010843848576769233,0.4989996552467346,14.459311485290527,14.458050727844238
0.0,-0.00034181983210146427,8.313040733337402,0.0,0.0024655715096741915,7.8140482902526855,-0.00047623945283703506,0.0,-0.00016063897055573761,0.04579957202076912,0.0,0.005948665086179972,-0.061301082372665405,0.0011977237882092595,0.49900034070014954,14.462992668151855,14.46171760559082
0.0,-0.0003419711720198393,8.313775062561035,0.0,0.002562337787821889,7.814783096313477,-0.00045057261013425887,0.0,9.389183833263814e-05,0.036724288016557693,0.0,0.004273267928510904,0.036746688187122345,0.0013689612969756126,0.4990004003047943,14.470932006835938,14.469005584716797
0.0,-0.0003380801063030958,8.314507484436035,0.0,0.0026362936478108168,7.815515995025635,-0.00042330019641667604,0.0,0.0002944619336631149,0.03654848411679268,0.0,0.0031177373602986336,0.03656238317489624,0.0013582801911979914,0.49900034070014954,14.456673622131348,14.456793785095215
0.0,-0.00033021648414433,8.315235137939453,0.0,0.002686907071620226,7.816244125366211,-0.00039525466854684055,0.0,0.000491068116389215,0.036245014518499374,0.0,0.0019408038351684809,0.03625049442052841,0.0014462725957855582,0.4990001320838928,14.447813987731934,14.446824073791504
0.0,-0.0003184706438332796,8.315956115722656,0.0,0.0027138558216392994,7.816965103149414,-0.0003647762059699744,0.0,0.0006823959411121905,0.035846415907144547,0.0,0.0007530673174187541,0.035843491554260254,0.0016015731962397695,0.49900022149086,14.441176414489746,14.43942928314209
0.0,-0.00030296226032078266,8.316667556762695,0.0,0.002717031631618738,7.817677021026611,-0.0003301821125205606,0.0,0.0008667667862027884,0.035358402878046036,0.0,-0.00043468561489135027,0.0353471040725708,0.0018578360322862864,0.4989996552467346,14.435150146484375,14.432267189025879
0.0,-0.00027996371500194073,8.316718101501465,0.0,0.0027004845906049013,7.8177266120910645,-0.0002904305583797395,0.0,0.0010059272171929479,0.04090765491127968,0.0,-0.0012200105702504516,-0.030385687947273254,0.0021173201967030764,0.4990003705024719,14.434956550598145,14.432037353515625
0.0,-0.0002574541140347719,8.317411422729492,0.0,0.0026566742453724146,7.818419456481934,-0.00024825622676871717,0.0,0.0012067855568602681,0.03447543457150459,0.0,-0.002767022233456373,0.03445135056972504,0.002100111683830619,0.4990004599094391,14.440711975097656,14.440905570983887
0.0,-0.00023176707327365875,8.318096160888672,0.0,0.0025900155305862427,7.819103717803955,-0.00020694656996056437,0.0,0.0013596770586445928,0.03401484712958336,0.0,-0.0038928219582885504,0.03398255258798599,0.002030853647738695,0.4990004003047943,14.435341835021973,14.436120986938477
0.0,-0.0002031475305557251,8.318770408630371,0.0,0.002501242095604539,7.819777488708496,-0.00016636001237202436,0.0,0.0014999461127445102,0.033447496592998505,0.0,-0.004976858384907246,0.03340700641274452,0.002027801936492324,0.4990002512931824,14.427840232849121,14.427874565124512
0.0,-0.00016851676627993584,8.318780899047852,0.0,0.002394723705947399,7.819787502288818,-0.00012458158016670495,0.0,0.0015948588261380792,0.0388479083776474,0.0,-0.005665748380124569,-0.03242196515202522,0.002150041749700904,0.4989999830722809,14.423535346984863,14.422160148620605
0.0,-0.0001317327842116356,8.318779945373535,0.0,0.0022682135459035635,7.819786071777344,-8.231231913669035e-05,0.0,0.0017226580530405045,0.03540288656949997,0.0,-0.0068072909489274025,-0.00029247626662254333,0.002076884265989065,0.4989996552467346,14.43760871887207,14.438431739807129
0.0,-9.311642497777939e-05,8.318771362304688,0.0,0.0021228825207799673,7.81977653503418,-3.9458987885154784e-05,0.0,0.0018062518211081624,0.03811269253492355,0.0,-0.007568864151835442,-0.03327535465359688,0.0022084489464759827,0.4989997446537018,14.447259902954102,14.445779800415039
0.0,-5.0384318456053734e-05,8.31810474395752,0.0,0.001962936483323574,7.819108486175537,6.794511136831716e-06,0.0,0.0018745212582871318,0.04098614305257797,0.0,-0.008267589844763279,-0.06615857034921646,0.002416901057586074,0.49900031089782715,14.459362030029297,14.457016944885254
0.0,-9.167706593871117e-06,8.31808853149414,0.0,0.0017845365218818188,7.819091796875,5.630661325994879e-05,0.0,0.0019506631651893258,0.03793784976005554,0.0,-0.009162504225969315,-0.033555831760168076,0.002534308936446905,0.4989999532699585,14.468419075012207,14.467098236083984
0.0,3.479362931102514e-05,8.317418098449707,0.0,0.0015943871112540364,7.818420886993408,0.00010866363300010562,0.0,0.0019846181385219097,0.04101875424385071,0.0,-0.009719589725136757,-0.06623682379722595,0.0027013926301151514,0.49899962544441223,14.474394798278809,14.472515106201172
0.0,7.871876005083323e-05,8.316749572753906,0.0,0.0013919775374233723,7.817751407623291,0.00016262959979940206,0.0,0.0020093319471925497,0.04117073863744736,0.0,-0.010300801135599613,-0.06613479554653168,0.002695204457268119,0.4989998936653137,14.480612754821777,14.480682373046875
0.0,0.0001221727579832077,8.316083908081055,0.0,0.0011792386649176478,7.817085266113281,0.0002145670005120337,0.0,0.0020135273225605488,0.04142363741993904,0.0,-0.010784059762954712,-0.065932497382164,0.0024985356722027063,0.4989997446537018,14.486979484558105,14.489192008972168
0.0,0.00016472057905048132,8.315423965454102,0.0,0.0009581815102137625,7.816424369812012,0.0002618521684780717,0.0,0.0019976275507360697,0.04169582575559616,0.0,-0.011165638454258442,-0.06566724181175232,0.002229980891570449,0.49900022149086,14.48827075958252,14.491291999816895
0.0,0.000204626121558249,8.316079139709473,0.0,0.0007289712084457278,7.817079067230225,0.0003042833413928747,0.0,0.001975271152332425,0.03294316306710243,0.0,-0.011581520549952984,0.0329144187271595,0.0020131366327404976,0.49900034070014954,14.49386215209961,14.496301651000977
0.0,0.00024360866518691182,8.316739082336426,0.0,0.000495633517857641,7.817739486694336,0.0003427845367696136,0.0,0.0019199231173843145,0.03318505361676216,0.0,-0.01173439621925354,0.03314882516860962,0.0018369823228567839,0.4989996552467346,14.486554145812988,14.48853588104248
0.0,0.00028124445816501975,8.316749572753906,0.0,0.000260642496868968,7.817749500274658,0.0003782695857807994,0.0,0.0018452148651704192,0.03636423125863075,0.0,-0.011763341724872589,0.0005669742822647095,0.0017115211812779307,0.49900007247924805,14.48000431060791,14.481415748596191
0.0,0.00031687255250290036,8.316762924194336,0.0,2.5634566554799676e-05,7.817762851715088,0.00041125810821540654,0.0,0.001756600453518331,0.039469558745622635,0.0,-0.011721101589500904,-0.03201970458030701,0.0015873315278440714,0.4990001618862152,14.474995613098145,14.47639274597168
0.0,0.0003501455648802221,8.316777229309082,0.0,-0.00020708511874545366,7.817777633666992,0.00043781843851320446,0.0,0.0016515286406502128,0.03956035524606705,0.0,-0.01157165877521038,-0.03192541003227234,0.0010687022004276514,0.4989998936653137,14.473553657531738,14.479388236999512
0.0,0.0003796663659159094,8.316139221191406,0.0,-0.0004361562605481595,7.817140102386475,0.00045458009117282927,0.0,0.0015356041258201003,0.04269896447658539,0.0,-0.011355054564774036,-0.06453300267457962,0.0006074628327041864,0.49899977445602417,14.47521686553955,14.480405807495117
0.0,0.00040593225276097655,8.31550407409668,0.0,-0.000658813922200352,7.816505432128906,0.0004634037904907018,0.0,0.0014042581897228956,0.042874373495578766,0.0,-0.011001380160450935,-0.06438624113798141,0.00027490599313750863,0.49899977445602417,14.480639457702637,14.484380722045898
0.0,0.0004287558840587735,8.314872741699219,0.0,-0.0008730979170650244,7.8158745765686035,0.00046713612391613424,0.0,0.0012626281240954995,0.043149784207344055,0.0,-0.010551122948527336,-0.06415930390357971,9.832788782659918e-05,0.49899986386299133,14.488768577575684,14.490755081176758
0.0,0.0004479852505028248,8.314247131347656,0.0,-0.0010771392844617367,7.815248966217041,0.00046669773291796446,0.0,0.001112159457989037,0.04338260367512703,0.0,-0.010009272024035454,-0.06390243768692017,-0.00014216759882401675,0.4990004897117615,14.485721588134766,14.48842716217041
0.0,0.0004680895945057273,8.314934730529785,0.0,-0.0012650378048419952,7.8159379959106445,0.000461316347355023,0.0,0.0009252340532839298,0.03455141559243202,0.0,-0.00906714890152216,0.034577447921037674,-0.0003959721070714295,0.4989997446537018,14.48771858215332,14.49057388305664
0.0,0.0004798698937520385,8.314318656921387,0.0,-0.0014439807273447514,7.815322399139404,0.00045020782272331417,0.0,0.0007933673914521933,0.04393090680241585,0.0,-0.008700904436409473,-0.0633842945098877,-0.0007148807635530829,0.4989999532699585,14.488814353942871,14.492402076721191
0.0,0.0004878253675997257,8.313708305358887,0.0,-0.0016077840700745583,7.814713001251221,0.00043322803685441613,0.0,0.0006261770031414926,0.044268786907196045,0.0,-0.007920684292912483,-0.06306660175323486,-0.0009830964263528585,0.4989997148513794,14.493036270141602,14.496053695678711
0.0,0.0004949179710820317,8.313760757446289,0.0,-0.00175223418045789,7.814765453338623,0.0004113722243346274,0.0,0.00043065391946583986,0.038585953414440155,0.0,-0.0067894794046878815,0.00281694158911705,-0.001202483894303441,0.4990003705024719,14.496699333190918,14.499167442321777
0.0,0.0005015538772568107,8.314474105834961,0.0,-0.00187604536768049,7.8154802322387695,0.0003866426704917103,0.0,0.0002469248720444739,0.03585219755768776,0.0,-0.005730645731091499,0.03587723150849342,-0.0012704703258350492,0.49899953603744507,14.491467475891113,14.492232322692871
0.0,0.0004982594400644302,8.313884735107422,0.0,-0.0019874670542776585,7.8148908615112305,0.00035910127917304635,0.0,0.0001221594720846042,0.04521022364497185,0.0,-0.005248415283858776,-0.062094662338495255,-0.0014836695045232773,0.49900007247924805,14.487894058227539,14.4902925491333
0.0,0.0004947499837726355,8.31395435333252,0.0,-0.002076059579849243,7.8149614334106445,0.0003269262961111963,0.0,-4.278333653928712e-05,0.04550572484731674,0.0,-0.004263321403414011,-0.0618174746632576,-0.0017338289180770516,0.49899953603744507,14.490023612976074,14.492837905883789
0.0,0.0004844164941459894,8.313376426696777,0.0,-0.0021477879490703344,7.814383029937744,0.0002908340538851917,0.0,-0.00020363513613119721,0.045817166566848755,0.0,-0.0032429068814963102,-0.061520062386989594,-0.0018753965850919485,0.49900034070014954,14.491836547851562,14.493429183959961
0.0,0.00047782110050320625,8.31411361694336,0.0,-0.0021918583661317825,7.815120697021484,0.00025383898173458874,0.0,-0.0004068004200235009,0.03701479360461235,0.0,-0.0016799726290628314,0.03702127933502197,-0.001824110047891736,0.49900004267692566,14.4917631149292,14.491186141967773
0.0,0.0004681872669607401,8.314854621887207,0.0,-0.00221492862328887,7.81586217880249,0.00021996772557031363,0.0,-0.0005551001522690058,0.037147946655750275,0.0,-0.0006261668168008327,0.03714793547987938,-0.0015630151610821486,0.4989996552467346,14.480998992919922,14.47806167602539
0.0,0.00045215897262096405,8.31494426727295,0.0,-0.002220424823462963,7.815951347351074,0.00018928470672108233,0.0,-0.0006640117499046028,0.04320821166038513,0.0,7.654872024431825e-05,-0.02825319394469261,-0.0015052860835567117,0.49900007247924805,14.470386505126953,14.46973705291748
0.0,0.00043687570723704994,8.31568717956543,0.0,-0.0022014181595295668,7.816694259643555,0.0001611287152627483,0.0,-0.0008146617910824716,0.040167465806007385,0.0,0.0012987172231078148,0.004430714994668961,-0.0013103126548230648,0.4989998936653137,14.469871520996094,14.46767807006836
0.0,0.0004196221416350454,8.316550254821777,0.0,-0.0021685988176614046,7.816128253936768,0.00013481141650117934,0.0,-0.0009254072210751474,0.04312100633978844,0.0,0.002152279019355774,-0.02833542600274086,-0.001321417628787458,0.5004286766052246,14.464264869689941,14.46438980102539
0.0,0.00039212964475154877,8.315861701965332,0.0,-0.002108744578436017,7.816868305206299,0.00010815163841471076,0.0,-0.001075283158570528,0.03697657585144043,0.0,0.0034897313453257084,0.0369524285197258,-0.0013445601798593998,0.4989996552467346,14.462920188903809,14.463180541992188
0.0,0.0003632502630352974,8.315293312072754,0.0,-0.0020357409957796335,7.816298961639404,8.144947059918195e-05,0.0,-0.0011398455826565623,0.04593675583600998,0.0,0.003967732191085815,-0.06120944023132324,-0.0013256561942398548,0.49900010228157043,14.46115779876709,14.460945129394531
0.0,0.000332612544298172,8.314722061157227,0.0,-0.001943815965205431,7.815727233886719,5.436668288893998e-05,0.0,-0.0012264270335435867,0.04892614483833313,0.0,0.0047454070299863815,-0.09398391842842102,-0.001382622285746038,0.49900001287460327,14.466373443603516,14.46701431274414
0.0,0.00030328729189932346,8.314805030822754,0.0,-0.001831186469644308,7.815809726715088,2.741105345194228e-05,0.0,-0.0013440181501209736,0.04296421259641647,0.0,0.0059209540486335754,-0.02855778858065605,-0.0013129404978826642,0.49899986386299133,14.476625442504883,14.475841522216797
0.0,0.00026993732899427414,8.31423568725586,0.0,-0.0017044753767549992,7.815239429473877,3.408849806874059e-06,0.0,-0.0014100952539592981,0.04613775759935379,0.0,0.006599756423383951,-0.061158545315265656,-0.0010872799903154373,0.4990001618862152,14.481480598449707,14.478941917419434
0.0,0.0002356295008212328,8.313669204711914,0.0,-0.001562121557071805,7.814671993255615,-1.9041197447222658e-05,0.0,-0.0014673188561573625,0.04932756721973419,0.0,0.007235609460622072,-0.09373464435338974,-0.0011577247641980648,0.4990004301071167,14.481066703796387,14.48185920715332
0.0,0.00020483264233916998,8.314414024353027,0.0,-0.0014011496677994728,7.8154168128967285,-4.233556683175266e-05,0.0,-0.001566459657624364,0.03736405074596405,0.0,0.008377381600439548,0.0373247005045414,-0.0011717119487002492,0.49899977445602417,14.481256484985352,14.481413841247559
0.0,0.00016941351350396872,8.31385326385498,0.0,-0.0012316307984292507,7.814855575561523,-6.715665949741378e-05,0.0,-0.0015815263614058495,0.046551890671253204,0.0,0.00866637658327818,-0.0607282780110836,-0.0013103974051773548,0.4989996552467346,14.476319313049316,14.477879524230957
0.0,0.00013388169463723898,8.313295364379883,0.0,-0.0010510949650779366,7.814296722412109,-9.42046899581328e-05,0.0,-0.001612665830180049,0.04675152152776718,0.0,0.009189333766698837,-0.06057155504822731,-0.0013944054953753948,0.49900004267692566,14.483732223510742,14.4846773147583
0.0,0.00010101270163431764,8.31404972076416,0.0,-0.0008582738228142262,7.815051078796387,-0.0001211798153235577,0.0,-0.0016502143116667867,0.03785315901041031,0.0,0.009844779968261719,0.03782088682055473,-0.0013031070120632648,0.49899956583976746,14.484578132629395,14.483551025390625
0.0,6.610219134017825e-05,8.313499450683594,0.0,-0.000660272897221148,7.814499855041504,-0.00014731315604876727,0.0,-0.0016360606532543898,0.04711449146270752,0.0,0.010002964176237583,-0.060196924954652786,-0.001310227788053453,0.49900010228157043,14.482239723205566,14.482319831848145
0.0,3.321538679301739e-05,8.314261436462402,0.0,-0.0004548075667116791,7.815261363983154,-0.00017481556278653443,0.0,-0.0016369245713576674,0.038188718259334564,0.0,0.010384999215602875,0.03816559165716171,-0.001440012245438993,0.49900031089782715,14.481297492980957,14.482757568359375
0.0,7.235794328153133e-07,8.315024375915527,0.0,-0.00024550495436415076,7.8160247802734375,-0.00020363106159493327,0.0,-0.0016097326297312975,0.03820132464170456,0.0,0.010529429651796818,0.03817224130034447,-0.0014415381010621786,0.4989996552467346,14.470634460449219,14.470651626586914
0.0,-3.104959614574909e-05,8.315134048461914,0.0,-3.458927676547319e-05,7.816133975982666,-0.00023191081709228456,0.0,-0.0015660881763324142,0.04119101166725159,0.0,0.010562360286712646,0.0054361410439014435,-0.0013864368665963411,0.49900007247924805,14.467264175415039,14.466644287109375
0.0,-6.182743527460843e-05,8.315896034240723,0.0,0.00017635904077906162,7.816896438598633,-0.00025823659962043166,0.0,-0.001510712318122387,0.04111093655228615,0.0,0.01053200475871563,0.005392178893089294,-0.0012461408041417599,0.4989996552467346,14.464860916137695,14.463282585144043
0.0,-9.138433233601972e-05,8.316778182983398,0.0,0.00038606132147833705,7.816349983215332,-0.00028099180781282485,0.0,-0.001441275468096137,0.044106919318437576,0.0,0.010407022200524807,-0.027338698506355286,-0.0010293811792507768,0.5004284381866455,14.468631744384766,14.466193199157715
0.0,-0.00011724949581548572,8.316109657287598,0.0,0.0005907765589654446,7.817110538482666,-0.00030133104883134365,0.0,-0.0013515306636691093,0.03798188269138336,0.0,0.010111719369888306,0.03798733651638031,-0.0010045432718470693,0.49899962544441223,14.464739799499512,14.464460372924805
0.0,-0.00014085066504776478,8.315561294555664,0.0,0.0007919358322396874,7.816562175750732,-0.0003196493489667773,0.0,-0.0012693146709352732,0.04700932279229164,0.0,0.009943108074367046,-0.06014210730791092,-0.0008272869745269418,0.4989999830722809,14.466792106628418,14.464797973632812
0.0,-0.00016330392099916935,8.315666198730469,0.0,0.0009844005107879639,7.816667079925537,-0.0003350328770466149,0.0,-0.0011568432673811913,0.0439845472574234,0.0,0.009486718103289604,-0.027454819530248642,-0.0007110658334568143,0.4990004301071167,14.470528602600098,14.469221115112305
0.0,-0.00018499011639505625,8.316424369812012,0.0,0.0011663429904729128,7.817425727844238,-0.00034815893741324544,0.0,-0.0010241298004984856,0.0379156768321991,0.0,0.008844630792737007,0.03793409466743469,-0.000601541600190103,0.4990004599094391,14.469399452209473,14.468167304992676
0.0,-0.00020420004148036242,8.317180633544922,0.0,0.0013376723509281874,7.818182945251465,-0.0003599557967390865,0.0,-0.0008956150850281119,0.037766579538583755,0.0,0.008275836706161499,0.03777933493256569,-0.0005781447980552912,0.49900007247924805,14.45885181427002,14.458588600158691
0.0,-0.0002184914192184806,8.317278861999512,0.0,0.0014990342315286398,7.818282127380371,-0.0003716577193699777,0.0,-0.0007777970749884844,0.04348984733223915,0.0,0.007848856970667839,-0.027839194983243942,-0.0005920472322031856,0.498999685049057,14.445878028869629,14.44603443145752
0.0,-0.00022724387235939503,8.316719055175781,0.0,0.0016491638962179422,7.817722320556641,-0.0003825746534857899,0.0,-0.0006430919165723026,0.04620954766869545,0.0,0.0072661349549889565,-0.060782432556152344,-0.0004996467614546418,0.4990002512931824,14.447956085205078,14.446916580200195
0.0,-0.0002378982462687418,8.317459106445312,0.0,0.0017795604653656483,7.818463325500488,-0.0003901761956512928,0.0,-0.0004675502423197031,0.03993074223399162,0.0,0.006264661438763142,0.004269126802682877,-0.00026050760061480105,0.49899986386299133,14.453849792480469,14.451159477233887
0.0,-0.0002459060924593359,8.318316459655762,0.0,0.001899405033327639,7.8178935050964355,-0.00039371888851746917,0.0,-0.0003201406798325479,0.04275136813521385,0.0,0.005579757038503885,-0.028605442494153976,-9.376293746754527e-05,0.5004275441169739,14.455615043640137,14.453739166259766
0.0,-0.00024374830536544323,8.317621231079102,0.0,0.0019968573469668627,7.8186259269714355,-0.0003933502594009042,0.0,-0.00013015695731155574,0.036491747945547104,0.0,0.004438913892954588,0.03651021793484688,0.00013062605285085738,0.49900034070014954,14.455462455749512,14.452938079833984
0.0,-0.0002446852158755064,8.318346977233887,0.0,0.0020767294336110353,7.819352626800537,-0.0003863745660055429,0.0,3.637120244093239e-05,0.036131009459495544,0.0,0.0035430225543677807,0.0361439511179924,0.0005669427337124944,0.4989997446537018,14.445568084716797,14.440659523010254
0.0,-0.00023604929447174072,8.317760467529297,0.0,0.002144514350220561,7.818766117095947,-0.0003715338243637234,0.0,0.00016047555254772305,0.04483442381024361,0.0,0.0030797594226896763,-0.06214021146297455,0.0009171319543384016,0.49900001287460327,14.444927215576172,14.440987586975098
0.0,-0.00022715330123901367,8.31782054901123,0.0,0.0021904774475842714,7.818826198577881,-0.0003509277885314077,0.0,0.00035405269591137767,0.03858700767159462,0.0,0.001825428451411426,0.0029036104679107666,0.0011434706393629313,0.4990001916885376,14.45584774017334,14.453301429748535
0.0,-0.00021816138178110123,8.318530082702637,0.0,0.0022142974194139242,7.819535732269287,-0.00032693854882381856,0.0,0.0005296012386679649,0.035374946892261505,0.0,0.000713868997991085,0.035375747829675674,0.0012554532149806619,0.49900028109550476,14.456518173217773,14.4552583694458
0.0,-0.00020282994955778122,8.318581581115723,0.0,0.0022222057450562716,7.819587230682373,-0.0003015878901351243,0.0,0.0006558054592460394,0.04113302379846573,0.0,7.745524635538459e-05,-0.030220147222280502,0.0012796130031347275,0.4990002512931824,14.44858455657959,14.448312759399414
0.0,-0.00018761966202873737,8.319280624389648,0.0,0.002207915298640728,7.820286750793457,-0.00027612363919615746,0.0,0.000820231856778264,0.03788728639483452,0.0,-0.0010304152965545654,0.0021912604570388794,0.0012668125564232469,0.49899962544441223,14.453164100646973,14.45330810546875
0.0,-0.00017006653069984168,8.320096969604492,0.0,0.0021810936741530895,7.819675445556641,-0.0002505127340555191,0.0,0.0009483786416240036,0.04072945564985275,0.0,-0.0018052400555461645,-0.03066549077630043,0.0012942784233018756,0.5004270076751709,14.456398010253906,14.45608901977539
0.0,-0.0001426686067134142,8.31936264038086,0.0,0.002129725879058242,7.820367336273193,-0.00022369807993527502,0.0,0.0011116695823147893,0.03454452380537987,0.0,-0.003019867930561304,0.03452468663454056,0.0013871875125914812,0.4990004897117615,14.460229873657227,14.459184646606445
0.0,-0.00011915690265595913,8.320050239562988,0.0,0.002060520928353071,7.821054935455322,-0.0001933204912347719,0.0,0.001237391377799213,0.034279193729162216,0.0,-0.0038945702835917473,0.03425402194261551,0.0016505711246281862,0.49900007247924805,14.451630592346191,14.448667526245117
0.0,-9.054457768797874e-05,8.32007884979248,0.0,0.0019770003855228424,7.8210835456848145,-0.00015882811567280442,0.0,0.001326561439782381,0.039954669773578644,0.0,-0.004450162872672081,-0.03139521926641464,0.0017986661987379193,0.49899959564208984,14.44336986541748,14.441703796386719
0.0,-5.7417433708906174e-05,8.319448471069336,0.0,0.0018799671670421958,7.8204522132873535,-0.00011997087858617306,0.0,0.0014175461838021874,0.04268107935786247,0.0,-0.005109445657581091,-0.06436678767204285,0.0020870573353022337,0.49900001287460327,14.449334144592285,14.446089744567871
0.0,-2.2786203771829605e-05,8.318812370300293,0.0,0.0017677315045148134,7.819815158843994,-7.45048891985789e-05,0.0,0.0015071735251694918,0.042520761489868164,0.0,-0.005851054564118385,-0.06460113823413849,0.0024595414288342,0.4990004003047943,14.459559440612793,14.455368995666504
0.0,8.765957318246365e-06,8.319479942321777,0.0,0.0016368479700759053,7.82048225402832,-2.402553946012631e-05,0.0,0.0016125806141644716,0.03334132954478264,0.0,-0.006874958984553814,0.033308375626802444,0.002588393399491906,0.49900034070014954,14.462798118591309,14.461348533630371
0.0,4.160357639193535e-05,8.320144653320312,0.0,0.0014931808691471815,7.821146488189697,2.8921498596901074e-05,0.0,0.0016681392444297671,0.033140916377305984,0.0,-0.007480199448764324,0.03310282900929451,0.002706310013309121,0.4990002512931824,14.455601692199707,14.454275131225586
0.0,7.701374124735594e-05,8.320151329040527,0.0,0.0013398962328210473,7.821153163909912,8.293325663544238e-05,0.0,0.0016890966799110174,0.038959600031375885,0.0,-0.007835913449525833,-0.03245367482304573,0.002694865921512246,0.4989997446537018,14.452718734741211,14.452847480773926
0.0,0.00011407060083001852,8.319500923156738,0.0,0.00117834797129035,7.820501804351807,0.00013609476445708424,0.0,0.001701486180536449,0.04171771556138992,0.0,-0.008223205804824829,-0.06534884124994278,0.0026212846860289574,0.4990002512931824,14.449914932250977,14.450742721557617
0.0,0.0001485212123952806,8.320152282714844,0.0,0.0010057921754196286,7.821152687072754,0.00018845009617507458,0.0,0.0017210460500791669,0.03249356895685196,0.0,-0.008809873834252357,0.03246689587831497,0.002614248776808381,0.49900031089782715,14.458429336547852,14.458508491516113
0.0,0.00018278737843502313,8.320799827575684,0.0,0.0008265052456408739,7.821800231933594,0.00024045872851274908,0.0,0.0016985178226605058,0.03533117473125458,0.0,-0.009062696248292923,-0.00039324909448623657,0.0025866134092211723,0.49900001287460327,14.455758094787598,14.456068992614746
0.0,0.00021633572760038078,8.321565628051758,0.0,0.000643849081825465,7.821137428283691,0.00029146875021979213,0.0,0.0016570797888562083,0.03824170306324959,0.0,-0.00923082884401083,-0.03319350630044937,0.0025143884122371674,0.5004283785820007,14.46080493927002,14.461617469787598
0.0,0.00024964232579804957,8.320780754089355,0.0,0.00045672632404603064,7.821781158447266,0.0003388480399735272,0.0,0.0016061170026659966,0.0322023369371891,0.0,-0.00941124465316534,0.032188139855861664,0.0022235389333218336,0.49899962544441223,14.469093322753906,14.472365379333496
0.0,0.00028101331554353237,8.320770263671875,0.0,0.0002682472113519907,7.821770668029785,0.00037918114685453475,0.0,0.001531368587166071,0.0382411815226078,0.0,-0.00943666510283947,-0.033225804567337036,0.0018097714055329561,0.49899959564208984,14.466208457946777,14.470863342285156
0.0,0.00031012616818770766,8.320106506347656,0.0,7.970696606207639e-05,7.821106433868408,0.0004100631340406835,0.0,0.0014435459161177278,0.04129016399383545,0.0,-0.00940394215285778,-0.06590674817562103,0.0012784264981746674,0.4990001320838928,14.468314170837402,14.474291801452637
0.0,0.0003379065019544214,8.320751190185547,0.0,-0.00010627778829075396,7.821751117706299,0.0004326960479374975,0.0,0.0013366049388423562,0.03223899379372597,0.0,-0.00922583881765604,0.03223920613527298,0.0009848643094301224,0.4990002512931824,14.470558166503906,14.473860740661621
0.0,0.0003626443794928491,8.320740699768066,0.0,-0.0002894926583394408,7.821741104125977,0.00044998584780842066,0.0,0.0012286538258194923,0.03816813975572586,0.0,-0.00908203050494194,-0.03324557840824127,0.0007441145135089755,0.49900001287460327,14.459336280822754,14.462044715881348
0.0,0.00038468302227556705,8.320728302001953,0.0,-0.00046745105646550655,7.8217291831970215,0.0004624072462320328,0.0,0.0011046366998925805,0.0380718857049942,0.0,-0.00879924651235342,-0.03333843871951103,0.000498024164699018,0.49899983406066895,14.46129035949707,14.464058876037598
0.0,0.00040247116703540087,8.320060729980469,0.0,-0.0006399617996066809,7.821061611175537,0.0004720074648503214,0.0,0.0009763343841768801,0.04106328263878822,0.0,-0.008495175279676914,-0.06608527898788452,0.00046199647476896644,0.4990001916885376,14.466801643371582,14.467206954956055
0.0,0.0004185846191830933,8.320046424865723,0.0,-0.0008029163000173867,7.821047782897949,0.0004810973478015512,0.0,0.0008276864537037909,0.03809892758727074,0.0,-0.007993468083441257,-0.03336218371987343,0.0004469919949769974,0.4990001320838928,14.47409439086914,14.474263191223145
0.0,0.0004315099213272333,8.320033073425293,0.0,-0.0009562665363773704,7.821035385131836,0.0004862631903961301,0.0,0.0006772955530323088,0.03815352916717529,0.0,-0.0074908132664859295,-0.0333038754761219,6.95912167429924e-05,0.49899959564208984,14.4716796875,14.47592544555664
0.0,0.0004390890244394541,8.319367408752441,0.0,-0.0011005244450643659,7.820370197296143,0.00048416669596917927,0.0,0.000529143086168915,0.041277069598436356,0.0,-0.007015997543931007,-0.06593729555606842,-0.0002792417071759701,0.49899956583976746,14.47467041015625,14.478594779968262
0.0,0.00044308346696197987,8.318704605102539,0.0,-0.0012326794676482677,7.819706916809082,0.00047492230078205466,0.0,0.00036841811379417777,0.04139353334903717,0.0,-0.006392456591129303,-0.06583279371261597,-0.0006451983936131,0.4990004897117615,14.47620964050293,14.480326652526855
0.0,0.00044820387847721577,8.319352149963379,0.0,-0.0013471775455400348,7.820355415344238,0.000457579706562683,0.0,0.00017438233771827072,0.03250937908887863,0.0,-0.00537915388122201,0.032526496797800064,-0.0010890596313402057,0.4989999532699585,14.482320785522461,14.487314224243164
0.0,0.0004475605674088001,8.31934928894043,0.0,-0.0014499123208224773,7.820352554321289,0.0004323601897340268,0.0,2.241300535388291e-05,0.03563947230577469,0.0,-0.004769916646182537,-9.3068927526474e-05,-0.0014328910037875175,0.49900034070014954,14.475228309631348,14.479096412658691
0.0,0.0004435685696080327,8.319347381591797,0.0,-0.0015377862146124244,7.820351600646973,0.00039809729787521064,0.0,-0.0001254813832929358,0.03871871903538704,0.0,-0.004136394243687391,-0.0327407605946064,-0.0019933972507715225,0.4989997148513794,14.470399856567383,14.476705551147461
0.0,0.00043365161400288343,8.318693161010742,0.0,-0.001612679217942059,7.819697380065918,0.00035435616155155003,0.0,-0.00026719830930233,0.041783638298511505,0.0,-0.003478534985333681,-0.06540714204311371,-0.002380716148763895,0.4989999830722809,14.470290184020996,14.474647521972656
0.0,0.00042333791498094797,8.318694114685059,0.0,-0.0016687697498127818,7.819698333740234,0.00030667317332699895,0.0,-0.0004383467312436551,0.035822607576847076,0.0,-0.0023957209195941687,8.549913763999939e-05,-0.0023875825572758913,0.4990001618862152,14.476673126220703,14.476750373840332
0.0,0.0004101473605260253,8.318696022033691,0.0,-0.0017084312858060002,7.819700717926025,0.00025928180548362434,0.0,-0.0005628939252346754,0.03892569616436958,0.0,-0.0017058580415323377,-0.03255210444331169,-0.002351554809138179,0.49899980425834656,14.475427627563477,14.475022315979004
0.0,0.0003942915936931968,8.318700790405273,0.0,-0.001731419819407165,7.819705009460449,0.00021450562053360045,0.0,-0.0006909595686011016,0.039083585143089294,0.0,-0.0008707583183422685,-0.032427627593278885,-0.00212606368586421,0.49900031089782715,14.482455253601074,14.479918479919434
0.0,0.0003759792307391763,8.318708419799805,0.0,-0.00173768971581012,7.8197126388549805,0.00017341782222501934,0.0,-0.0008098305552266538,0.0392552986741066,0.0,-3.584130899980664e-05,-0.032265760004520416,-0.0019827159121632576,0.4990002512931824,14.483159065246582,14.481546401977539
0.0,0.0003581566270440817,8.31937313079834,0.0,-0.0017245796043425798,7.820377826690674,0.00013267420581541955,0.0,-0.0009448663331568241,0.03332643583416939,0.0,0.0010675613302737474,0.03331780806183815,-0.002091646660119295,0.4989996552467346,14.478837966918945,14.480063438415527
0.0,0.0003329294268041849,8.318732261657715,0.0,-0.0017005293630063534,7.819736480712891,9.06734203454107e-05,0.0,-0.0010061644716188312,0.042542390525341034,0.0,0.0014708074741065502,-0.06472072005271912,-0.0021084314212203026,0.4989999234676361,14.478992462158203,14.479181289672852
0.0,0.0003085958305746317,8.318748474121094,0.0,-0.0016578601207584143,7.819752216339111,4.8459016397828236e-05,0.0,-0.0011067665182054043,0.03968854993581772,0.0,0.002396092750132084,-0.03184491768479347,-0.0021130091045051813,0.4990001320838928,14.482564926147461,14.482616424560547
0.0,0.0002852016477845609,8.319422721862793,0.0,-0.0015971451066434383,7.8204264640808105,7.75099397287704e-06,0.0,-0.0011953687062487006,0.03684033453464508,0.0,0.0032884683459997177,0.0010612457990646362,-0.00195779325440526,0.49899980425834656,14.484033584594727,14.482287406921387
0.0,0.0002608599024824798,8.320221900939941,0.0,-0.001526564359664917,7.819794654846191,-3.0769089789828286e-05,0.0,-0.0012482490856200457,0.040014512836933136,0.0,0.0038864866364747286,-0.031521786004304886,-0.0018942150054499507,0.5004304051399231,14.480721473693848,14.480006217956543
0.0,0.00023013714235275984,8.31947135925293,0.0,-0.0014372916193678975,7.820474624633789,-6.78065262036398e-05,0.0,-0.0013221801491454244,0.03410343453288078,0.0,0.004799465648829937,0.03408033773303032,-0.001809528679586947,0.49899953603744507,14.481242179870605,14.480289459228516
0.0,0.00019926298409700394,8.318845748901367,0.0,-0.0013392010005190969,7.819848537445068,-0.0001010869091260247,0.0,-0.0013327630003914237,0.04324664548039436,0.0,0.0051104482263326645,-0.06399287283420563,-0.0015185095835477114,0.49899956583976746,14.475598335266113,14.47232437133789
0.0,0.00016810547094792128,8.318221092224121,0.0,-0.001229016575962305,7.819223403930664,-0.00012932511162944138,0.0,-0.0013622939586639404,0.043340180069208145,0.0,0.005697050131857395,-0.06391623616218567,-0.0013053104048594832,0.49899962544441223,14.477742195129395,14.475343704223633
0.0,0.00013692001812160015,8.317599296569824,0.0,-0.0011078468523919582,7.818600654602051,-0.00015590604743920267,0.0,-0.001380758942104876,0.04352658987045288,0.0,0.006226772908121347,-0.06377877295017242,-0.0013527822447940707,0.4990001916885376,14.482925415039062,14.48345947265625
0.0,0.00010594830382615328,8.316980361938477,0.0,-0.000976779032498598,7.817981719970703,-0.00018291846208740026,0.0,-0.001381218433380127,0.04679623246192932,0.0,0.00662444019690156,-0.09630758315324783,-0.0013484589289873838,0.49899980425834656,14.487170219421387,14.48712158203125
0.0,7.665762677788734e-05,8.317022323608398,0.0,-0.0008359852945432067,7.818022727966309,-0.00020854317699559033,0.0,-0.0013897300232201815,0.04105814918875694,0.0,0.007170777767896652,-0.030535198748111725,-0.001214012037962675,0.4990004301071167,14.494263648986816,14.492751121520996
0.0,4.8792746383696795e-05,8.317724227905273,0.0,-0.0006868107593618333,7.818724632263184,-0.00023165358288679272,0.0,-0.0013835994759574533,0.0352497398853302,0.0,0.007615250069648027,0.03523019701242447,-0.0010970280272886157,0.4990001320838928,14.489375114440918,14.488059043884277
0.0,2.067163586616516e-05,8.31777572631836,0.0,-0.0005326943355612457,7.8187761306762695,-0.0002508034813217819,0.0,-0.0013474205043166876,0.04143701493740082,0.0,0.0077844406478106976,-0.030086971819400787,-0.0008179616997949779,0.4989998936653137,14.480730056762695,14.477590560913086
0.0,-6.971968105062842e-06,8.31717586517334,0.0,-0.0003749498864635825,7.818175792694092,-0.00026666425401344895,0.0,-0.0013064523227512836,0.04458664357662201,0.0,0.007941557094454765,-0.06267480552196503,-0.000768116326071322,0.4990001916885376,14.478957176208496,14.47839641571045
0.0,-3.276340430602431e-05,8.317887306213379,0.0,-0.00021346838911995292,7.818887233734131,-0.0002820350637193769,0.0,-0.001264299382455647,0.035641055554151535,0.0,0.008121930062770844,0.03563063591718674,-0.0007689640624448657,0.49900010228157043,14.480329513549805,14.480339050292969
0.0,-5.7456549257040024e-05,8.31794548034668,0.0,-5.0679227570071816e-05,7.818945407867432,-0.00029787805397063494,0.0,-0.0012042822781950235,0.041648976504802704,0.0,0.008144703693687916,-0.02980244904756546,-0.0008153338567353785,0.49900007247924805,14.466069221496582,14.466590881347656
0.0,-8.086557500064373e-05,8.318656921386719,0.0,0.00011192591045983136,7.819656848907471,-0.0003136108280159533,0.0,-0.0011350176064297557,0.03554096072912216,0.0,0.008104521781206131,0.03553758189082146,-0.0007579438388347626,0.49900010228157043,14.466157913208008,14.4655122756958
0.0,-0.00010279138223268092,8.319365501403809,0.0,0.0002730181149672717,7.8203654289245605,-0.0003274175978731364,0.0,-0.001055978354997933,0.03534713760018349,0.0,0.007992726750671864,0.03534027934074402,-0.000622734019998461,0.4990001916885376,14.456195831298828,14.45467472076416
0.0,-0.00012304255506023765,8.320068359375,0.0,0.0004311622469685972,7.82106876373291,-0.00033844896825030446,0.0,-0.000967761327046901,0.035016823559999466,0.0,0.007810025941580534,0.035006530582904816,-0.0004804034251719713,0.4989998936653137,14.44616985321045,14.444568634033203
0.0,-0.00013951322762295604,8.319458961486816,0.0,0.0005865249549970031,7.820459842681885,-0.00034529942786321044,0.0,-0.0008823336102068424,0.043785180896520615,0.0,0.007678747642785311,-0.06324561685323715,-0.00020464317640289664,0.49899962544441223,14.449090957641602,14.445988655090332
0.0,-0.00015351129695773125,8.31884479522705,0.0,0.0007361908792518079,7.819845676422119,-0.00034637359203770757,0.0,-0.0007797625148668885,0.04362696781754494,0.0,0.007372146472334862,-0.06345690786838531,9.722655522637069e-05,0.4989998936653137,14.459450721740723,14.4560546875
0.0,-0.00016493641305714846,8.318227767944336,0.0,0.0008788714185357094,7.819228649139404,-0.0003428786003496498,0.0,-0.0006715948111377656,0.043606676161289215,0.0,0.007002290803939104,-0.0635496973991394,0.00025227281730622053,0.4990001916885376,14.468673706054688,14.46692943572998
0.0,-0.00017529260367155075,8.31826400756836,0.0,0.0010119795333594084,7.819265365600586,-0.00033746438566595316,0.0,-0.0005525434971787035,0.0406002514064312,0.0,0.006504308898001909,-0.030849065631628036,0.0002891482145059854,0.49900004267692566,14.471404075622559,14.470989227294922
0.0,-0.00018141395412385464,8.317646980285645,0.0,0.0011373969027772546,7.818648815155029,-0.0003315678332000971,0.0,-0.00045120358117856085,0.046683408319950104,0.0,0.006184445694088936,-0.0962318554520607,0.0003005075268447399,0.4989998936653137,14.471786499023438,14.471658706665039
0.0,-0.0001848044339567423,8.317030906677246,0.0,0.0012523634359240532,7.818033218383789,-0.0003240614605601877,0.0,-0.00032334565185010433,0.04381638765335083,0.0,0.005563701502978802,-0.06343680620193481,0.00045012845657765865,0.4989997446537018,14.482038497924805,14.480355262756348
0.0,-0.00018546078354120255,8.316417694091797,0.0,0.0013560282532125711,7.817420482635498,-0.0003133176942355931,0.0,-0.00020126525487285107,0.04400808736681938,0.0,0.004984437488019466,-0.06326457858085632,0.000624248175881803,0.49899956583976746,14.484746932983398,14.4827880859375
0.0,-0.00018339324742555618,8.31580924987793,0.0,0.0014475684147328138,7.816812038421631,-0.0002996934053953737,0.0,-7.816349534550682e-05,0.04426651820540428,0.0,0.004365911707282066,-0.06304286420345306,0.0007381804753094912,0.49899986386299133,14.489222526550293,14.487940788269043
0.0,-0.00017863744869828224,8.315205574035645,0.0,0.001526275766082108,7.816208839416504,-0.00028253416530787945,0.0,4.479714698391035e-05,0.04460049793124199,0.0,0.0037139724008738995,-0.06275150179862976,0.0009777435334399343,0.4989996552467346,14.495464324951172,14.492769241333008
0.0,-0.00017125892918556929,8.31460952758789,0.0,0.0015915636904537678,7.815612316131592,-0.00026077014626935124,0.0,0.0001661044079810381,0.044974859803915024,0.0,0.003034819383174181,-0.062402110546827316,0.0011986568570137024,0.49900031089782715,14.49844741821289,14.495962142944336
0.0,-0.00016135780606418848,8.314020156860352,0.0,0.0016430008690804243,7.815023422241211,-0.0002345895627513528,0.0,0.00027321960078552365,0.04839872196316719,0.0,0.002453384455293417,-0.0947880893945694,0.0014194006798788905,0.4989999830722809,14.4996919631958,14.497208595275879
0.0,-0.0001490588765591383,8.313438415527344,0.0,0.0016802038298919797,7.814442157745361,-0.00020392205624375492,0.0,0.00039751536678522825,0.04582437127828598,0.0,0.0016206640284508467,-0.0616036020219326,0.0016473500290885568,0.49899962544441223,14.504668235778809,14.502103805541992
0.0,-0.00013452849816530943,8.312867164611816,0.0,0.0017029991140589118,7.813870429992676,-0.00017007903079502285,0.0,0.0005045917932875454,0.04631751775741577,0.0,0.0008986055618152022,-0.061132676899433136,0.0017369530396535993,0.4990001320838928,14.506485939025879,14.505477905273438
